method,context_length,batch_size,decode_tokens,source,decode_total_ms,output_tokens,calls,component,mean_ms,total_ms,bytes,calls_per_generated_token,mean_us,percent_decode_time,tokens,total_us
CAUSAL_V4_25_FULL_MODEL,2048,1,8,module_cuda_events,2619.808505056426,8,288,attention_total,48.693887962235344,14023.83973312378,,,,,,
CAUSAL_V4_25_FULL_MODEL,2048,1,8,module_cuda_events,2619.808505056426,8,9,embedding,11.537180331018236,103.83462297916412,,,,,,
CAUSAL_V4_25_FULL_MODEL,2048,1,8,module_cuda_events,2619.808505056426,8,9,final_norm,0.06473955512046814,0.5826559960842133,,,,,,
CAUSAL_V4_25_FULL_MODEL,2048,1,8,module_cuda_events,2619.808505056426,8,32,input_rmsnorm,1.5287680262699723,48.920576840639114,,,,,,
CAUSAL_V4_25_FULL_MODEL,2048,1,8,module_cuda_events,2619.808505056426,8,288,k_proj,0.15848177989634374,45.642752610147,,,,,,
CAUSAL_V4_25_FULL_MODEL,2048,1,8,module_cuda_events,2619.808505056426,8,288,layer_total,53.845816718207466,15507.59521484375,,,,,,
CAUSAL_V4_25_FULL_MODEL,2048,1,8,module_cuda_events,2619.808505056426,8,9,lm_head,2.2658843994140625,20.392959594726562,,,,,,
CAUSAL_V4_25_FULL_MODEL,2048,1,8,module_cuda_events,2619.808505056426,8,32,mlp_down_proj,4.114687964320183,131.67001485824585,,,,,,
CAUSAL_V4_25_FULL_MODEL,2048,1,8,module_cuda_events,2619.808505056426,8,32,mlp_gate_proj,3.8040640354156494,121.73004913330078,,,,,,
CAUSAL_V4_25_FULL_MODEL,2048,1,8,module_cuda_events,2619.808505056426,8,32,mlp_up_proj,3.803936041891575,121.7259533405304,,,,,,
CAUSAL_V4_25_FULL_MODEL,2048,1,8,module_cuda_events,2619.808505056426,8,288,o_proj,0.24732010956439707,71.22819155454636,,,,,,
CAUSAL_V4_25_FULL_MODEL,2048,1,8,module_cuda_events,2619.808505056426,8,32,post_attention_rmsnorm,0.3865599948912859,12.369919836521149,,,,,,
CAUSAL_V4_25_FULL_MODEL,2048,1,8,module_cuda_events,2619.808505056426,8,288,q_proj,0.572465783631843,164.87014568597078,,,,,,
CAUSAL_V4_25_FULL_MODEL,2048,1,8,module_cuda_events,2619.808505056426,8,288,v_proj,0.0884017774110867,25.459711894392967,,,,,,
CAUSAL_V4_25_FULL_MODEL,2048,1,8,patternkv_profile_range,2619.808505056426,8,8,active_batch_cache_reuses,,0.0,0,1.0,0.0,0.0,0,0.0
CAUSAL_V4_25_FULL_MODEL,2048,1,8,patternkv_profile_range,2619.808505056426,8,256,attention_score_concat,,17.2892160192132,0,32.0,67.53600007505156,0.6599419761346572,525440,17289.2160192132
CAUSAL_V4_25_FULL_MODEL,2048,1,8,patternkv_profile_range,2619.808505056426,8,256,attention_softmax,,185.57337641716003,0,32.0,724.8960016295314,7.083471026946801,525440,185573.37641716003
CAUSAL_V4_25_FULL_MODEL,2048,1,8,patternkv_profile_range,2619.808505056426,8,256,cache_append,,185.95974451303482,0,32.0,726.4052520040423,7.098218978758128,0,185959.74451303482
CAUSAL_V4_25_FULL_MODEL,2048,1,8,patternkv_profile_range,2619.808505056426,8,8,cache_assemble_calls,,0.0,0,1.0,0.0,0.0,0,0.0
CAUSAL_V4_25_FULL_MODEL,2048,1,8,patternkv_profile_range,2619.808505056426,8,1024,cache_cat_events,,0.0,257425408,128.0,0.0,0.0,0,0.0
CAUSAL_V4_25_FULL_MODEL,2048,1,8,patternkv_profile_range,2619.808505056426,8,0,cache_cat_largest_bytes,,0.0,264192,0.0,0.0,0.0,0,0.0
CAUSAL_V4_25_FULL_MODEL,2048,1,8,patternkv_profile_range,2619.808505056426,8,1024,cache_mutation,,38.960480347275734,257425408,128.0,38.04734408913646,1.4871499299311037,0,38960.480347275734
CAUSAL_V4_25_FULL_MODEL,2048,1,8,patternkv_profile_range,2619.808505056426,8,8,decode_decoder_model_forward,,2606.1537475585938,0,1.0,325769.2184448242,99.47878795448302,0,2606153.7475585938
CAUSAL_V4_25_FULL_MODEL,2048,1,8,patternkv_profile_range,2619.808505056426,8,256,decode_k_projection,,47.022080555558205,0,32.0,183.68000217014924,1.7948670853156663,0,47022.080555558205
CAUSAL_V4_25_FULL_MODEL,2048,1,8,patternkv_profile_range,2619.808505056426,8,256,decode_layer_attention_residual_add,,9.357312120497227,0,32.0,36.55200047069229,0.3571754234111736,0,9357.312120497227
CAUSAL_V4_25_FULL_MODEL,2048,1,8,patternkv_profile_range,2619.808505056426,8,256,decode_layer_input_rmsnorm,,220.19993615150452,0,32.0,860.1560005918145,8.40519204844561,0,220199.93615150452
CAUSAL_V4_25_FULL_MODEL,2048,1,8,patternkv_profile_range,2619.808505056426,8,256,decode_layer_mlp,,345.86009562015533,0,32.0,1351.0159985162318,13.201731918673428,0,345860.09562015533
CAUSAL_V4_25_FULL_MODEL,2048,1,8,patternkv_profile_range,2619.808505056426,8,256,decode_layer_mlp_residual_add,,1.1581439850851893,0,32.0,4.523999941739021,0.04420719998617781,0,1158.1439850851893
CAUSAL_V4_25_FULL_MODEL,2048,1,8,patternkv_profile_range,2619.808505056426,8,256,decode_layer_post_attention_rmsnorm,,406.0876797437668,0,32.0,1586.279998999089,15.500662699582326,0,406087.6797437668
CAUSAL_V4_25_FULL_MODEL,2048,1,8,patternkv_profile_range,2619.808505056426,8,256,decode_layer_self_attention,,1580.9310731887817,0,32.0,6175.512004643679,60.34529127367389,0,1580931.0731887817
CAUSAL_V4_25_FULL_MODEL,2048,1,8,patternkv_profile_range,2619.808505056426,8,8,decode_lm_head,,9.571328282356262,0,1.0,1196.4160352945328,0.3653445762880334,0,9571.328282356262
CAUSAL_V4_25_FULL_MODEL,2048,1,8,patternkv_profile_range,2619.808505056426,8,256,decode_q_projection,,34.421759724617004,0,32.0,134.45999892428517,1.3139036558657031,0,34421.759724617004
CAUSAL_V4_25_FULL_MODEL,2048,1,8,patternkv_profile_range,2619.808505056426,8,256,decode_v_projection,,26.665983863174915,0,32.0,104.16399946552701,1.01786003869014,0,26665.983863174915
CAUSAL_V4_25_FULL_MODEL,2048,1,8,patternkv_profile_range,2619.808505056426,8,256,fixed_split_softmax_kernel,,27.674623779952526,0,32.0,108.10399914043956,1.0563605594278527,525440,27674.623779952526
CAUSAL_V4_25_FULL_MODEL,2048,1,8,patternkv_profile_range,2619.808505056426,8,256,fixed_split_softmax_requests,,0.0,0,32.0,0.0,0.0,0,0.0
CAUSAL_V4_25_FULL_MODEL,2048,1,8,patternkv_profile_range,2619.808505056426,8,4352,fixed_split_softmax_splits,,0.0,0,544.0,0.0,0.0,0,0.0
CAUSAL_V4_25_FULL_MODEL,2048,1,8,patternkv_profile_range,2619.808505056426,8,8,harness_assemble,,1.9302400257438421,0,1.0,241.28000321798027,0.07367866857513955,0,1930.2400257438421
CAUSAL_V4_25_FULL_MODEL,2048,1,8,patternkv_profile_range,2619.808505056426,8,256,importance_update,,45.38675203919411,0,32.0,177.29200015310198,1.7324454039901882,525440,45386.75203919411
CAUSAL_V4_25_FULL_MODEL,2048,1,8,patternkv_profile_range,2619.808505056426,8,8,iteration_plan_builds,,0.0,0,1.0,0.0,0.0,0,0.0
CAUSAL_V4_25_FULL_MODEL,2048,1,8,patternkv_profile_range,2619.808505056426,8,0,merge_workspace,,0.0,65536,0.0,0.0,0.0,0,0.0
CAUSAL_V4_25_FULL_MODEL,2048,1,8,patternkv_profile_range,2619.808505056426,8,256,mixed_v_page_pool_operator,,51.163135930895805,0,32.0,199.85599973006174,1.952934187065472,458752,51163.135930895805
CAUSAL_V4_25_FULL_MODEL,2048,1,8,patternkv_profile_range,2619.808505056426,8,8,model_decode,,2616.469512939453,0,1.0,327058.68911743164,99.87254823737963,0,2616469.512939453
CAUSAL_V4_25_FULL_MODEL,2048,1,8,patternkv_profile_range,2619.808505056426,8,256,output_projection,,37.90950407087803,0,32.0,148.0840002768673,1.4470333994912168,0,37909.50407087803
CAUSAL_V4_25_FULL_MODEL,2048,1,8,patternkv_profile_range,2619.808505056426,8,0,partial_state_workspace,,0.0,1114112,0.0,0.0,0.0,0,0.0
CAUSAL_V4_25_FULL_MODEL,2048,1,8,patternkv_profile_range,2619.808505056426,8,768,qk_fp16_regions,,87.44668789207935,0,96.0,113.86287485947832,3.3379038095074782,66688,87446.68789207935
CAUSAL_V4_25_FULL_MODEL,2048,1,8,patternkv_profile_range,2619.808505056426,8,256,qk_quantized_history,,37.32377602159977,0,32.0,145.7960000843741,1.4246757329614779,0,37323.77602159977
CAUSAL_V4_25_FULL_MODEL,2048,1,8,patternkv_profile_range,2619.808505056426,8,256,rope_position,,126.29913640022278,0,32.0,493.3560015633702,4.820930085403418,0,126299.13640022278
CAUSAL_V4_25_FULL_MODEL,2048,1,8,patternkv_profile_range,2619.808505056426,8,256,softmax_kernel_launches,,0.0,0,32.0,0.0,0.0,0,0.0
CAUSAL_V4_25_FULL_MODEL,2048,1,8,patternkv_profile_range,2619.808505056426,8,768,value_fp16_tail,,426.22566428780556,0,96.0,554.9813337080801,16.269344246541618,66688,426225.66428780556
CAUSAL_V4_25_FULL_MODEL,2048,2,8,module_cuda_events,2656.2615069560707,16,288,attention_total,60.15621703366438,17324.990505695343,,,,,,
CAUSAL_V4_25_FULL_MODEL,2048,2,8,module_cuda_events,2656.2615069560707,16,9,embedding,8.86203712473313,79.75833412259817,,,,,,
CAUSAL_V4_25_FULL_MODEL,2048,2,8,module_cuda_events,2656.2615069560707,16,9,final_norm,0.10797510958380169,0.9717759862542152,,,,,,
CAUSAL_V4_25_FULL_MODEL,2048,2,8,module_cuda_events,2656.2615069560707,16,32,input_rmsnorm,1.7554559651762247,56.17459088563919,,,,,,
CAUSAL_V4_25_FULL_MODEL,2048,2,8,module_cuda_events,2656.2615069560707,16,288,k_proj,0.1269902242347598,36.573184579610825,,,,,,
CAUSAL_V4_25_FULL_MODEL,2048,2,8,module_cuda_events,2656.2615069560707,16,288,layer_total,66.53070576985677,19160.84326171875,,,,,,
CAUSAL_V4_25_FULL_MODEL,2048,2,8,module_cuda_events,2656.2615069560707,16,9,lm_head,1.2442737420399983,11.198463678359985,,,,,,
CAUSAL_V4_25_FULL_MODEL,2048,2,8,module_cuda_events,2656.2615069560707,16,32,mlp_down_proj,7.048704028129578,225.55852890014648,,,,,,
CAUSAL_V4_25_FULL_MODEL,2048,2,8,module_cuda_events,2656.2615069560707,16,32,mlp_gate_proj,7.036000028252602,225.15200090408325,,,,,,
CAUSAL_V4_25_FULL_MODEL,2048,2,8,module_cuda_events,2656.2615069560707,16,32,mlp_up_proj,7.04364800453186,225.39673614501953,,,,,,
CAUSAL_V4_25_FULL_MODEL,2048,2,8,module_cuda_events,2656.2615069560707,16,288,o_proj,0.3440946668334719,99.09926404803991,,,,,,
CAUSAL_V4_25_FULL_MODEL,2048,2,8,module_cuda_events,2656.2615069560707,16,32,post_attention_rmsnorm,0.7523200064897537,24.07424020767212,,,,,,
CAUSAL_V4_25_FULL_MODEL,2048,2,8,module_cuda_events,2656.2615069560707,16,288,q_proj,0.660163544014924,190.12710067629814,,,,,,
CAUSAL_V4_25_FULL_MODEL,2048,2,8,module_cuda_events,2656.2615069560707,16,288,v_proj,0.1206293348222971,34.741248428821564,,,,,,
CAUSAL_V4_25_FULL_MODEL,2048,2,8,patternkv_profile_range,2656.2615069560707,16,8,active_batch_cache_reuses,,0.0,0,0.5,0.0,0.0,0,0.0
CAUSAL_V4_25_FULL_MODEL,2048,2,8,patternkv_profile_range,2656.2615069560707,16,256,attention_score_concat,,17.24415997415781,0,16.0,67.35999989905395,0.6491890926025077,525440,17244.15997415781
CAUSAL_V4_25_FULL_MODEL,2048,2,8,patternkv_profile_range,2656.2615069560707,16,256,attention_softmax,,184.52787405252457,0,16.0,720.8120080176741,6.946901634846312,525440,184527.87405252457
CAUSAL_V4_25_FULL_MODEL,2048,2,8,patternkv_profile_range,2656.2615069560707,16,256,cache_append,,210.49695974588394,0,16.0,822.2537490073591,7.924557096304191,0,210496.95974588394
CAUSAL_V4_25_FULL_MODEL,2048,2,8,patternkv_profile_range,2656.2615069560707,16,8,cache_assemble_calls,,0.0,0,0.5,0.0,0.0,0,0.0
CAUSAL_V4_25_FULL_MODEL,2048,2,8,patternkv_profile_range,2656.2615069560707,16,1024,cache_cat_events,,0.0,514850816,64.0,0.0,0.0,0,0.0
CAUSAL_V4_25_FULL_MODEL,2048,2,8,patternkv_profile_range,2656.2615069560707,16,0,cache_cat_largest_bytes,,0.0,528384,0.0,0.0,0.0,0,0.0
CAUSAL_V4_25_FULL_MODEL,2048,2,8,patternkv_profile_range,2656.2615069560707,16,1024,cache_mutation,,40.0211522616446,514850816,64.0,39.08315650551231,1.5066721464298385,0,40021.1522616446
CAUSAL_V4_25_FULL_MODEL,2048,2,8,patternkv_profile_range,2656.2615069560707,16,8,decode_decoder_model_forward,,2642.492431640625,0,0.5,330311.5539550781,99.4816370572179,0,2642492.431640625
CAUSAL_V4_25_FULL_MODEL,2048,2,8,patternkv_profile_range,2656.2615069560707,16,256,decode_k_projection,,29.788160167634487,0,16.0,116.36000065482222,1.12143175999904,0,29788.160167634487
CAUSAL_V4_25_FULL_MODEL,2048,2,8,patternkv_profile_range,2656.2615069560707,16,256,decode_layer_attention_residual_add,,9.34604811668396,0,16.0,36.50800045579672,0.3518496989927026,0,9346.04811668396
CAUSAL_V4_25_FULL_MODEL,2048,2,8,patternkv_profile_range,2656.2615069560707,16,256,decode_layer_input_rmsnorm,,230.41536033153534,0,16.0,900.0600012950599,8.67442304638065,0,230415.36033153534
CAUSAL_V4_25_FULL_MODEL,2048,2,8,patternkv_profile_range,2656.2615069560707,16,256,decode_layer_mlp,,343.0256642103195,0,16.0,1339.9440008215606,12.913851415307676,0,343025.6642103195
CAUSAL_V4_25_FULL_MODEL,2048,2,8,patternkv_profile_range,2656.2615069560707,16,256,decode_layer_mlp_residual_add,,1.147903986275196,0,16.0,4.483999946387485,0.04321502168627331,0,1147.903986275196
CAUSAL_V4_25_FULL_MODEL,2048,2,8,patternkv_profile_range,2656.2615069560707,16,256,decode_layer_post_attention_rmsnorm,,417.02604842185974,0,16.0,1629.0080016478896,15.699736164145548,0,417026.04842185974
CAUSAL_V4_25_FULL_MODEL,2048,2,8,patternkv_profile_range,2656.2615069560707,16,256,decode_layer_self_attention,,1597.7697234153748,0,16.0,6241.287982091308,60.15107018760103,0,1597769.7234153748
CAUSAL_V4_25_FULL_MODEL,2048,2,8,patternkv_profile_range,2656.2615069560707,16,8,decode_lm_head,,9.79251217842102,0,0.5,1224.0640223026276,0.3686576849748013,0,9792.51217842102
CAUSAL_V4_25_FULL_MODEL,2048,2,8,patternkv_profile_range,2656.2615069560707,16,256,decode_q_projection,,34.17497608065605,0,16.0,133.4960003150627,1.2865817612897117,0,34174.97608065605
CAUSAL_V4_25_FULL_MODEL,2048,2,8,patternkv_profile_range,2656.2615069560707,16,256,decode_v_projection,,27.704319842159748,0,16.0,108.21999938343652,1.0429816405353618,0,27704.319842159748
CAUSAL_V4_25_FULL_MODEL,2048,2,8,patternkv_profile_range,2656.2615069560707,16,256,fixed_split_softmax_kernel,,26.32703983783722,0,16.0,102.83999936655164,0.9911313238133153,525440,26327.03983783722
CAUSAL_V4_25_FULL_MODEL,2048,2,8,patternkv_profile_range,2656.2615069560707,16,512,fixed_split_softmax_requests,,0.0,0,32.0,0.0,0.0,0,0.0
CAUSAL_V4_25_FULL_MODEL,2048,2,8,patternkv_profile_range,2656.2615069560707,16,8704,fixed_split_softmax_splits,,0.0,0,544.0,0.0,0.0,0,0.0
CAUSAL_V4_25_FULL_MODEL,2048,2,8,patternkv_profile_range,2656.2615069560707,16,8,harness_assemble,,1.7018879931420088,0,0.5,212.7359991427511,0.06407079983221527,0,1701.8879931420088
CAUSAL_V4_25_FULL_MODEL,2048,2,8,patternkv_profile_range,2656.2615069560707,16,256,importance_update,,44.423168018460274,0,16.0,173.52800007211044,1.6723943746550307,525440,44423.168018460274
CAUSAL_V4_25_FULL_MODEL,2048,2,8,patternkv_profile_range,2656.2615069560707,16,8,iteration_plan_builds,,0.0,0,0.5,0.0,0.0,0,0.0
CAUSAL_V4_25_FULL_MODEL,2048,2,8,patternkv_profile_range,2656.2615069560707,16,0,merge_workspace,,0.0,131072,0.0,0.0,0.0,0,0.0
CAUSAL_V4_25_FULL_MODEL,2048,2,8,patternkv_profile_range,2656.2615069560707,16,256,mixed_v_page_pool_operator,,87.49977603554726,0,16.0,341.79600013885647,3.2940949453360555,458752,87499.77603554726
CAUSAL_V4_25_FULL_MODEL,2048,2,8,patternkv_profile_range,2656.2615069560707,16,8,model_decode,,2653.032440185547,0,0.5,331629.05502319336,99.87843565996542,0,2653032.440185547
CAUSAL_V4_25_FULL_MODEL,2048,2,8,patternkv_profile_range,2656.2615069560707,16,256,output_projection,,37.571584060788155,0,16.0,146.76400023745373,1.414453507773906,0,37571.584060788155
CAUSAL_V4_25_FULL_MODEL,2048,2,8,patternkv_profile_range,2656.2615069560707,16,0,partial_state_workspace,,0.0,2228224,0.0,0.0,0.0,0,0.0
CAUSAL_V4_25_FULL_MODEL,2048,2,8,patternkv_profile_range,2656.2615069560707,16,768,qk_fp16_regions,,81.62899222970009,0,48.0,106.28775029908866,3.0730781595085648,66688,81628.99222970009
CAUSAL_V4_25_FULL_MODEL,2048,2,8,patternkv_profile_range,2656.2615069560707,16,256,qk_quantized_history,,44.705792143940926,0,16.0,174.63200056226924,1.683034295639487,0,44705.792143940926
CAUSAL_V4_25_FULL_MODEL,2048,2,8,patternkv_profile_range,2656.2615069560707,16,256,rope_position,,129.0373123884201,0,16.0,504.05200151726604,4.857854245544135,0,129037.3123884201
CAUSAL_V4_25_FULL_MODEL,2048,2,8,patternkv_profile_range,2656.2615069560707,16,256,softmax_kernel_launches,,0.0,0,16.0,0.0,0.0,0,0.0
CAUSAL_V4_25_FULL_MODEL,2048,2,8,patternkv_profile_range,2656.2615069560707,16,768,value_fp16_tail,,384.5898247361183,0,48.0,500.7680009584874,14.478613032977957,66688,384589.8247361183
CAUSAL_V4_25_FULL_MODEL,4096,1,8,module_cuda_events,2011.3051109947264,8,288,attention_total,62.34946879413393,17956.64701271057,,,,,,
CAUSAL_V4_25_FULL_MODEL,4096,1,8,module_cuda_events,2011.3051109947264,8,9,embedding,8.833820323149363,79.50438290834427,,,,,,
CAUSAL_V4_25_FULL_MODEL,4096,1,8,module_cuda_events,2011.3051109947264,8,9,final_norm,0.10467555787828234,0.942080020904541,,,,,,
CAUSAL_V4_25_FULL_MODEL,4096,1,8,module_cuda_events,2011.3051109947264,8,32,input_rmsnorm,1.8113279826939106,57.96249544620514,,,,,,
CAUSAL_V4_25_FULL_MODEL,4096,1,8,module_cuda_events,2011.3051109947264,8,288,k_proj,0.1804835576331243,51.979264598339796,,,,,,
CAUSAL_V4_25_FULL_MODEL,4096,1,8,module_cuda_events,2011.3051109947264,8,288,layer_total,67.39374577833547,19409.398784160614,,,,,,
CAUSAL_V4_25_FULL_MODEL,4096,1,8,module_cuda_events,2011.3051109947264,8,9,lm_head,2.286933342615763,20.58240008354187,,,,,,
CAUSAL_V4_25_FULL_MODEL,4096,1,8,module_cuda_events,2011.3051109947264,8,32,mlp_down_proj,6.500064015388489,208.00204849243164,,,,,,
CAUSAL_V4_25_FULL_MODEL,4096,1,8,module_cuda_events,2011.3051109947264,8,32,mlp_gate_proj,6.494047999382019,207.8095359802246,,,,,,
CAUSAL_V4_25_FULL_MODEL,4096,1,8,module_cuda_events,2011.3051109947264,8,32,mlp_up_proj,6.4921280443668365,207.74809741973877,,,,,,
CAUSAL_V4_25_FULL_MODEL,4096,1,8,module_cuda_events,2011.3051109947264,8,288,o_proj,0.3195618860837486,92.0338231921196,,,,,,
CAUSAL_V4_25_FULL_MODEL,4096,1,8,module_cuda_events,2011.3051109947264,8,32,post_attention_rmsnorm,0.7468480095267296,23.899136304855347,,,,,,
CAUSAL_V4_25_FULL_MODEL,4096,1,8,module_cuda_events,2011.3051109947264,8,288,q_proj,0.6351999850271063,182.9375956878066,,,,,,
CAUSAL_V4_25_FULL_MODEL,4096,1,8,module_cuda_events,2011.3051109947264,8,288,v_proj,0.1029297777115264,29.6437759809196,,,,,,
CAUSAL_V4_25_FULL_MODEL,4096,1,8,patternkv_profile_range,2011.3051109947264,8,8,active_batch_cache_reuses,,0.0,0,1.0,0.0,0.0,0,0.0
CAUSAL_V4_25_FULL_MODEL,4096,1,8,patternkv_profile_range,2011.3051109947264,8,256,attention_score_concat,,14.053375869989395,0,32.0,54.895999492146075,0.6987192441945842,1049728,14053.375869989395
CAUSAL_V4_25_FULL_MODEL,4096,1,8,patternkv_profile_range,2011.3051109947264,8,256,attention_softmax,,147.06278410553932,0,32.0,574.464000412263,7.311808800247459,1049728,147062.78410553932
CAUSAL_V4_25_FULL_MODEL,4096,1,8,patternkv_profile_range,2011.3051109947264,8,256,cache_append,,151.66095995903015,0,32.0,592.4256248399615,7.540425325326377,0,151660.95995903015
CAUSAL_V4_25_FULL_MODEL,4096,1,8,patternkv_profile_range,2011.3051109947264,8,8,cache_assemble_calls,,0.0,0,1.0,0.0,0.0,0,0.0
CAUSAL_V4_25_FULL_MODEL,4096,1,8,patternkv_profile_range,2011.3051109947264,8,1024,cache_cat_events,,0.0,257425408,128.0,0.0,0.0,0,0.0
CAUSAL_V4_25_FULL_MODEL,4096,1,8,patternkv_profile_range,2011.3051109947264,8,0,cache_cat_largest_bytes,,0.0,264192,0.0,0.0,0.0,0,0.0
CAUSAL_V4_25_FULL_MODEL,4096,1,8,patternkv_profile_range,2011.3051109947264,8,1024,cache_mutation,,31.681792065501213,257425408,128.0,30.93925006396603,1.5751857782448742,0,31681.792065501213
CAUSAL_V4_25_FULL_MODEL,4096,1,8,patternkv_profile_range,2011.3051109947264,8,8,decode_decoder_model_forward,,1998.0205993652344,0,1.0,249752.5749206543,99.33950788685054,0,1998020.5993652344
CAUSAL_V4_25_FULL_MODEL,4096,1,8,patternkv_profile_range,2011.3051109947264,8,256,decode_k_projection,,44.767232559621334,0,32.0,174.87200218602084,2.2257802814154295,0,44767.232559621334
CAUSAL_V4_25_FULL_MODEL,4096,1,8,patternkv_profile_range,2011.3051109947264,8,256,decode_layer_attention_residual_add,,7.812096066772938,0,32.0,30.516000260831788,0.38840929822473963,0,7812.096066772938
CAUSAL_V4_25_FULL_MODEL,4096,1,8,patternkv_profile_range,2011.3051109947264,8,256,decode_layer_input_rmsnorm,,70.3600644916296,0,32.0,274.8440019204281,3.498229289380754,0,70360.0644916296
CAUSAL_V4_25_FULL_MODEL,4096,1,8,patternkv_profile_range,2011.3051109947264,8,256,decode_layer_mlp,,342.17984116077423,0,32.0,1336.6400045342743,17.01282611426086,0,342179.84116077423
CAUSAL_V4_25_FULL_MODEL,4096,1,8,patternkv_profile_range,2011.3051109947264,8,256,decode_layer_mlp_residual_add,,1.1284479880705476,0,32.0,4.4079999534005765,0.05610526130033318,0,1128.4479880705476
CAUSAL_V4_25_FULL_MODEL,4096,1,8,patternkv_profile_range,2011.3051109947264,8,256,decode_layer_post_attention_rmsnorm,,260.8486401438713,0,32.0,1018.9400005619973,12.969123317887062,0,260848.6401438713
CAUSAL_V4_25_FULL_MODEL,4096,1,8,patternkv_profile_range,2011.3051109947264,8,256,decode_layer_self_attention,,1282.4012804031372,0,32.0,5009.380001574755,63.759659009114884,0,1282401.2804031372
CAUSAL_V4_25_FULL_MODEL,4096,1,8,patternkv_profile_range,2011.3051109947264,8,8,decode_lm_head,,9.57030439376831,0,1.0,1196.2880492210388,0.47582558913874323,0,9570.30439376831
CAUSAL_V4_25_FULL_MODEL,4096,1,8,patternkv_profile_range,2011.3051109947264,8,256,decode_q_projection,,31.31392016261816,0,32.0,122.32000063522719,1.556895569520594,0,31313.92016261816
CAUSAL_V4_25_FULL_MODEL,4096,1,8,patternkv_profile_range,2011.3051109947264,8,256,decode_v_projection,,22.14604775607586,0,32.0,86.50799904717132,1.101078480585332,0,22146.04775607586
CAUSAL_V4_25_FULL_MODEL,4096,1,8,patternkv_profile_range,2011.3051109947264,8,256,fixed_split_softmax_kernel,,25.010176457464695,0,32.0,97.69600178697146,1.2434799832580086,1049728,25010.176457464695
CAUSAL_V4_25_FULL_MODEL,4096,1,8,patternkv_profile_range,2011.3051109947264,8,256,fixed_split_softmax_requests,,0.0,0,32.0,0.0,0.0,0,0.0
CAUSAL_V4_25_FULL_MODEL,4096,1,8,patternkv_profile_range,2011.3051109947264,8,8448,fixed_split_softmax_splits,,0.0,0,1056.0,0.0,0.0,0,0.0
CAUSAL_V4_25_FULL_MODEL,4096,1,8,patternkv_profile_range,2011.3051109947264,8,8,harness_assemble,,1.7008640002459288,0,1.0,212.6080000307411,0.08456519057940128,0,1700.8640002459288
CAUSAL_V4_25_FULL_MODEL,4096,1,8,patternkv_profile_range,2011.3051109947264,8,256,importance_update,,36.20351988077164,0,32.0,141.4199995342642,1.80000138630715,1049728,36203.51988077164
CAUSAL_V4_25_FULL_MODEL,4096,1,8,patternkv_profile_range,2011.3051109947264,8,8,iteration_plan_builds,,0.0,0,1.0,0.0,0.0,0,0.0
CAUSAL_V4_25_FULL_MODEL,4096,1,8,patternkv_profile_range,2011.3051109947264,8,0,merge_workspace,,0.0,65536,0.0,0.0,0.0,0,0.0
CAUSAL_V4_25_FULL_MODEL,4096,1,8,patternkv_profile_range,2011.3051109947264,8,256,mixed_v_page_pool_operator,,88.66713613271713,0,32.0,346.3560005184263,4.408437866936322,983040,88667.13613271713
CAUSAL_V4_25_FULL_MODEL,4096,1,8,patternkv_profile_range,2011.3051109947264,8,8,model_decode,,2008.2769927978516,0,1.0,251034.62409973145,99.84944511002723,0,2008276.9927978516
CAUSAL_V4_25_FULL_MODEL,4096,1,8,patternkv_profile_range,2011.3051109947264,8,256,output_projection,,35.104767590761185,0,32.0,137.12799840141088,1.7453725642550326,0,35104.767590761185
CAUSAL_V4_25_FULL_MODEL,4096,1,8,patternkv_profile_range,2011.3051109947264,8,0,partial_state_workspace,,0.0,2162688,0.0,0.0,0.0,0,0.0
CAUSAL_V4_25_FULL_MODEL,4096,1,8,patternkv_profile_range,2011.3051109947264,8,768,qk_fp16_regions,,67.37622389942408,0,96.0,87.7294582023751,3.349875835899506,66688,67376.22389942408
CAUSAL_V4_25_FULL_MODEL,4096,1,8,patternkv_profile_range,2011.3051109947264,8,256,qk_quantized_history,,32.87244842201471,0,32.0,128.40800164849497,1.6343839749781706,0,32872.44842201471
CAUSAL_V4_25_FULL_MODEL,4096,1,8,patternkv_profile_range,2011.3051109947264,8,256,rope_position,,97.99270430207253,0,32.0,382.7840011799708,4.872095425323535,0,97992.70430207253
CAUSAL_V4_25_FULL_MODEL,4096,1,8,patternkv_profile_range,2011.3051109947264,8,256,softmax_kernel_launches,,0.0,0,32.0,0.0,0.0,0,0.0
CAUSAL_V4_25_FULL_MODEL,4096,1,8,patternkv_profile_range,2011.3051109947264,8,768,value_fp16_tail,,296.6538236737251,0,96.0,386.26799957516295,14.749319834771848,66688,296653.8236737251
FP16_FULL_MODEL,2048,1,8,module_cuda_events,432.9115469008684,8,288,attention_total,1.7784177520208888,512.184312582016,,,,,,
FP16_FULL_MODEL,2048,1,8,module_cuda_events,432.9115469008684,8,9,embedding,9.110641448862022,81.9957730397582,,,,,,
FP16_FULL_MODEL,2048,1,8,module_cuda_events,432.9115469008684,8,9,final_norm,0.06189511136876212,0.5570560023188591,,,,,,
FP16_FULL_MODEL,2048,1,8,module_cuda_events,432.9115469008684,8,288,input_rmsnorm,0.24206577566736895,69.71494339220226,,,,,,
FP16_FULL_MODEL,2048,1,8,module_cuda_events,432.9115469008684,8,288,k_proj,0.1384391096394716,39.87046357616782,,,,,,
FP16_FULL_MODEL,2048,1,8,module_cuda_events,432.9115469008684,8,288,layer_total,4.012348433335622,1155.5563488006592,,,,,,
FP16_FULL_MODEL,2048,1,8,module_cuda_events,432.9115469008684,8,9,lm_head,2.4824035035239325,22.341631531715393,,,,,,
FP16_FULL_MODEL,2048,1,8,module_cuda_events,432.9115469008684,8,288,mlp,1.7426382195618417,501.8798072338104,,,,,,
FP16_FULL_MODEL,2048,1,8,module_cuda_events,432.9115469008684,8,288,mlp_down_proj,0.5616071056574583,161.742846429348,,,,,,
FP16_FULL_MODEL,2048,1,8,module_cuda_events,432.9115469008684,8,288,mlp_gate_proj,0.5700586740858853,164.17689813673496,,,,,,
FP16_FULL_MODEL,2048,1,8,module_cuda_events,432.9115469008684,8,288,mlp_up_proj,0.5292266751639545,152.4172824472189,,,,,,
FP16_FULL_MODEL,2048,1,8,module_cuda_events,432.9115469008684,8,288,o_proj,0.20909866504371166,60.22041553258896,,,,,,
FP16_FULL_MODEL,2048,1,8,module_cuda_events,432.9115469008684,8,288,post_attention_rmsnorm,0.16470755419383445,47.435775607824326,,,,,,
FP16_FULL_MODEL,2048,1,8,module_cuda_events,432.9115469008684,8,288,q_proj,0.8022399836530288,231.0451152920723,,,,,,
FP16_FULL_MODEL,2048,1,8,module_cuda_events,432.9115469008684,8,288,v_proj,0.07263644476835099,20.919296093285084,,,,,,
FP16_FULL_MODEL,2048,1,8,patternkv_profile_range,432.9115469008684,8,8,harness_assemble,,8.266752004623413,0,1.0,1033.3440005779266,1.9095706880085601,0,8266.752004623413
FP16_FULL_MODEL,2048,1,8,patternkv_profile_range,432.9115469008684,8,7,harness_split,,0.836608000099659,0,0.875,119.51542858566556,0.19325148661170552,0,836.608000099659
FP16_FULL_MODEL,2048,1,8,patternkv_profile_range,432.9115469008684,8,8,model_decode,,421.8163146972656,0,1.0,52727.0393371582,97.43706716001653,0,421816.3146972656
FP16_FULL_MODEL,2048,2,8,module_cuda_events,472.75041905231774,16,288,attention_total,2.1575466677960424,621.3734403252602,,,,,,
FP16_FULL_MODEL,2048,2,8,module_cuda_events,472.75041905231774,16,9,embedding,9.009151677031898,81.08236509328708,,,,,,
FP16_FULL_MODEL,2048,2,8,module_cuda_events,472.75041905231774,16,9,final_norm,0.1228799977236324,1.1059199795126915,,,,,,
FP16_FULL_MODEL,2048,2,8,module_cuda_events,472.75041905231774,16,288,input_rmsnorm,0.3122844411862186,89.93791906163096,,,,,,
FP16_FULL_MODEL,2048,2,8,module_cuda_events,472.75041905231774,16,288,k_proj,0.11315200083319926,32.587776239961386,,,,,,
FP16_FULL_MODEL,2048,2,8,module_cuda_events,472.75041905231774,16,288,layer_total,5.701983979592721,1642.1713861227036,,,,,,
FP16_FULL_MODEL,2048,2,8,module_cuda_events,472.75041905231774,16,9,lm_head,1.2779520087771945,11.501568078994751,,,,,,
FP16_FULL_MODEL,2048,2,8,module_cuda_events,472.75041905231774,16,288,mlp,2.856259552347991,822.6027510762215,,,,,,
FP16_FULL_MODEL,2048,2,8,module_cuda_events,472.75041905231774,16,288,mlp_down_proj,0.9019271145678229,259.755008995533,,,,,,
FP16_FULL_MODEL,2048,2,8,module_cuda_events,472.75041905231774,16,288,mlp_gate_proj,0.939096893183887,270.45990523695946,,,,,,
FP16_FULL_MODEL,2048,2,8,module_cuda_events,472.75041905231774,16,288,mlp_up_proj,0.8980622178254029,258.641918733716,,,,,,
FP16_FULL_MODEL,2048,2,8,module_cuda_events,472.75041905231774,16,288,o_proj,0.3158862255513668,90.97523295879364,,,,,,
FP16_FULL_MODEL,2048,2,8,module_cuda_events,472.75041905231774,16,288,post_attention_rmsnorm,0.25346133506132495,72.99686449766159,,,,,,
FP16_FULL_MODEL,2048,2,8,module_cuda_events,472.75041905231774,16,288,q_proj,0.9106986512455882,262.2812115587294,,,,,,
FP16_FULL_MODEL,2048,2,8,module_cuda_events,472.75041905231774,16,288,v_proj,0.11024355651655544,31.75014427676797,,,,,,
FP16_FULL_MODEL,2048,2,8,patternkv_profile_range,472.75041905231774,16,8,harness_assemble,,15.213568091392517,0,0.5,1901.6960114240646,3.2180972196470714,0,15213.568091392517
FP16_FULL_MODEL,2048,2,8,patternkv_profile_range,472.75041905231774,16,7,harness_split,,2.523136019706726,0,0.4375,360.4480028152466,0.5337141794109121,0,2523.136019706726
FP16_FULL_MODEL,2048,2,8,patternkv_profile_range,472.75041905231774,16,8,model_decode,,453.289981842041,0,0.5,56661.24773025513,95.8835706059685,0,453289.981842041
FP16_FULL_MODEL,4096,1,8,module_cuda_events,408.7783161085099,8,288,attention_total,1.8818204326348171,541.9642845988274,,,,,,
FP16_FULL_MODEL,4096,1,8,module_cuda_events,408.7783161085099,8,9,embedding,9.12998407230609,82.16985665075481,,,,,,
FP16_FULL_MODEL,4096,1,8,module_cuda_events,408.7783161085099,8,9,final_norm,0.10342400086422761,0.9308160077780485,,,,,,
FP16_FULL_MODEL,4096,1,8,module_cuda_events,408.7783161085099,8,288,input_rmsnorm,0.22550400253385305,64.94515272974968,,,,,,
FP16_FULL_MODEL,4096,1,8,module_cuda_events,408.7783161085099,8,288,k_proj,0.155509332065574,44.78668763488531,,,,,,
FP16_FULL_MODEL,4096,1,8,module_cuda_events,408.7783161085099,8,288,layer_total,5.254005341894096,1513.1535384654999,,,,,,
FP16_FULL_MODEL,4096,1,8,module_cuda_events,408.7783161085099,8,9,lm_head,2.1772515641318426,19.595264077186584,,,,,,
FP16_FULL_MODEL,4096,1,8,module_cuda_events,408.7783161085099,8,288,mlp,2.855992903932929,822.5259563326836,,,,,,
FP16_FULL_MODEL,4096,1,8,module_cuda_events,408.7783161085099,8,288,mlp_down_proj,0.9031040116937624,260.0939553678036,,,,,,
FP16_FULL_MODEL,4096,1,8,module_cuda_events,408.7783161085099,8,288,mlp_gate_proj,0.9382186656714313,270.20697571337223,,,,,,
FP16_FULL_MODEL,4096,1,8,module_cuda_events,408.7783161085099,8,288,mlp_up_proj,0.9000746672973037,259.22150418162346,,,,,,
FP16_FULL_MODEL,4096,1,8,module_cuda_events,408.7783161085099,8,288,o_proj,0.3086826697043661,88.90060887485743,,,,,,
FP16_FULL_MODEL,4096,1,8,module_cuda_events,408.7783161085099,8,288,post_attention_rmsnorm,0.1997262215655711,57.521151810884476,,,,,,
FP16_FULL_MODEL,4096,1,8,module_cuda_events,408.7783161085099,8,288,q_proj,0.5889280128111649,169.6112676896155,,,,,,
FP16_FULL_MODEL,4096,1,8,module_cuda_events,408.7783161085099,8,288,v_proj,0.09751466679800716,28.08422403782606,,,,,,
FP16_FULL_MODEL,4096,1,8,patternkv_profile_range,408.7783161085099,8,8,harness_assemble,,12.14463996887207,0,1.0,1518.0799961090088,2.9709599287180106,0,12144.63996887207
FP16_FULL_MODEL,4096,1,8,patternkv_profile_range,408.7783161085099,8,7,harness_split,,0.7864319905638695,0,0.875,112.34742722340992,0.19238593623324965,0,786.4319905638695
FP16_FULL_MODEL,4096,1,8,patternkv_profile_range,408.7783161085099,8,8,model_decode,,394.2942771911621,0,1.0,49286.784648895264,96.456749698655,0,394294.2771911621
