acc_auc,config,layer,metric_name,n_available,task_key
2.050048411882017,kivi_paper_g128,final,attention_output_relative_L2,5,aime24:p0:s0:seed42
0.4303787052631378,kivi_paper_g128,final,hidden_cosine_loss,5,aime24:p0:s0:seed42
2.050048411882017,kivi_paper_g128,final,hidden_relative_L2,5,aime24:p0:s0:seed42
20.146240234375,kivi_paper_g128,final,logit_max_abs_diff,5,aime24:p0:s0:seed42
0.2740250492464047,kivi_paper_g128,final,next_token_JS,5,aime24:p0:s0:seed42
1.1837056249546514,kivi_paper_g128,final,next_token_KL,5,aime24:p0:s0:seed42
2.052594023703932,kivi_paper_g128,final,target_token_NLL_delta,5,aime24:p0:s0:seed42
1.0,kivi_paper_g128,final,top1_disagreement,5,aime24:p0:s0:seed42
2.050048411882017,kivi_rolling_k2v2_s0_r128,final,attention_output_relative_L2,5,aime24:p0:s0:seed42
0.4303787052631378,kivi_rolling_k2v2_s0_r128,final,hidden_cosine_loss,5,aime24:p0:s0:seed42
2.050048411882017,kivi_rolling_k2v2_s0_r128,final,hidden_relative_L2,5,aime24:p0:s0:seed42
20.146240234375,kivi_rolling_k2v2_s0_r128,final,logit_max_abs_diff,5,aime24:p0:s0:seed42
0.2740250492464047,kivi_rolling_k2v2_s0_r128,final,next_token_JS,5,aime24:p0:s0:seed42
1.1837056249546514,kivi_rolling_k2v2_s0_r128,final,next_token_KL,5,aime24:p0:s0:seed42
2.052594023703932,kivi_rolling_k2v2_s0_r128,final,target_token_NLL_delta,5,aime24:p0:s0:seed42
1.0,kivi_rolling_k2v2_s0_r128,final,top1_disagreement,5,aime24:p0:s0:seed42
0.661517893022392,kivi_rolling_k2v2_s16_r128,final,attention_output_relative_L2,5,aime24:p0:s0:seed42
0.052052706480026245,kivi_rolling_k2v2_s16_r128,final,hidden_cosine_loss,5,aime24:p0:s0:seed42
0.661517893022392,kivi_rolling_k2v2_s16_r128,final,hidden_relative_L2,5,aime24:p0:s0:seed42
7.970947265625,kivi_rolling_k2v2_s16_r128,final,logit_max_abs_diff,5,aime24:p0:s0:seed42
0.035297767850835715,kivi_rolling_k2v2_s16_r128,final,next_token_JS,5,aime24:p0:s0:seed42
0.14399798321332102,kivi_rolling_k2v2_s16_r128,final,next_token_KL,5,aime24:p0:s0:seed42
0.9028123652233262,kivi_rolling_k2v2_s16_r128,final,target_token_NLL_delta,5,aime24:p0:s0:seed42
0.0,kivi_rolling_k2v2_s16_r128,final,top1_disagreement,5,aime24:p0:s0:seed42
1.667253636813257,pattern_rolling_k2v2_s0_r128,final,attention_output_relative_L2,5,aime24:p0:s0:seed42
0.2843566834926605,pattern_rolling_k2v2_s0_r128,final,hidden_cosine_loss,5,aime24:p0:s0:seed42
1.667253636813257,pattern_rolling_k2v2_s0_r128,final,hidden_relative_L2,5,aime24:p0:s0:seed42
16.174560546875,pattern_rolling_k2v2_s0_r128,final,logit_max_abs_diff,5,aime24:p0:s0:seed42
0.10810526586658442,pattern_rolling_k2v2_s0_r128,final,next_token_JS,5,aime24:p0:s0:seed42
0.4040679177097636,pattern_rolling_k2v2_s0_r128,final,next_token_KL,5,aime24:p0:s0:seed42
0.6941270451288801,pattern_rolling_k2v2_s0_r128,final,target_token_NLL_delta,5,aime24:p0:s0:seed42
1.0,pattern_rolling_k2v2_s0_r128,final,top1_disagreement,5,aime24:p0:s0:seed42
0.6224790374399163,pattern_rolling_k2v2_s16_r128,final,attention_output_relative_L2,5,aime24:p0:s0:seed42
0.0528046190738678,pattern_rolling_k2v2_s16_r128,final,hidden_cosine_loss,5,aime24:p0:s0:seed42
0.6224790374399163,pattern_rolling_k2v2_s16_r128,final,hidden_relative_L2,5,aime24:p0:s0:seed42
7.489501953125,pattern_rolling_k2v2_s16_r128,final,logit_max_abs_diff,5,aime24:p0:s0:seed42
0.009975943402296128,pattern_rolling_k2v2_s16_r128,final,next_token_JS,5,aime24:p0:s0:seed42
0.03793209435789524,pattern_rolling_k2v2_s16_r128,final,next_token_KL,5,aime24:p0:s0:seed42
0.22098115588778455,pattern_rolling_k2v2_s16_r128,final,target_token_NLL_delta,5,aime24:p0:s0:seed42
0.0,pattern_rolling_k2v2_s16_r128,final,top1_disagreement,5,aime24:p0:s0:seed42
1.667253636813257,patternkv_paper,final,attention_output_relative_L2,5,aime24:p0:s0:seed42
0.2843566834926605,patternkv_paper,final,hidden_cosine_loss,5,aime24:p0:s0:seed42
1.667253636813257,patternkv_paper,final,hidden_relative_L2,5,aime24:p0:s0:seed42
16.174560546875,patternkv_paper,final,logit_max_abs_diff,5,aime24:p0:s0:seed42
0.10810526586658442,patternkv_paper,final,next_token_JS,5,aime24:p0:s0:seed42
0.4040679177097636,patternkv_paper,final,next_token_KL,5,aime24:p0:s0:seed42
0.6941270451288801,patternkv_paper,final,target_token_NLL_delta,5,aime24:p0:s0:seed42
1.0,patternkv_paper,final,top1_disagreement,5,aime24:p0:s0:seed42
1.640553638106212,kivi_paper_g128,final,attention_output_relative_L2,5,aime24:p11:s0:seed11042
0.36566561460494995,kivi_paper_g128,final,hidden_cosine_loss,5,aime24:p11:s0:seed11042
1.640553638106212,kivi_paper_g128,final,hidden_relative_L2,5,aime24:p11:s0:seed11042
18.44921875,kivi_paper_g128,final,logit_max_abs_diff,5,aime24:p11:s0:seed11042
0.1884575092096643,kivi_paper_g128,final,next_token_JS,5,aime24:p11:s0:seed11042
0.7428402377181555,kivi_paper_g128,final,next_token_KL,5,aime24:p11:s0:seed11042
1.229533327918034,kivi_paper_g128,final,target_token_NLL_delta,5,aime24:p11:s0:seed11042
0.5,kivi_paper_g128,final,top1_disagreement,5,aime24:p11:s0:seed11042
1.640553638106212,kivi_rolling_k2v2_s0_r128,final,attention_output_relative_L2,5,aime24:p11:s0:seed11042
0.36566561460494995,kivi_rolling_k2v2_s0_r128,final,hidden_cosine_loss,5,aime24:p11:s0:seed11042
1.640553638106212,kivi_rolling_k2v2_s0_r128,final,hidden_relative_L2,5,aime24:p11:s0:seed11042
18.44921875,kivi_rolling_k2v2_s0_r128,final,logit_max_abs_diff,5,aime24:p11:s0:seed11042
0.1884575092096643,kivi_rolling_k2v2_s0_r128,final,next_token_JS,5,aime24:p11:s0:seed11042
0.7428402377181555,kivi_rolling_k2v2_s0_r128,final,next_token_KL,5,aime24:p11:s0:seed11042
1.229533327918034,kivi_rolling_k2v2_s0_r128,final,target_token_NLL_delta,5,aime24:p11:s0:seed11042
0.5,kivi_rolling_k2v2_s0_r128,final,top1_disagreement,5,aime24:p11:s0:seed11042
0.5937365348218009,kivi_rolling_k2v2_s16_r128,final,attention_output_relative_L2,5,aime24:p11:s0:seed11042
0.049131542444229126,kivi_rolling_k2v2_s16_r128,final,hidden_cosine_loss,5,aime24:p11:s0:seed11042
0.5937365348218009,kivi_rolling_k2v2_s16_r128,final,hidden_relative_L2,5,aime24:p11:s0:seed11042
8.5302734375,kivi_rolling_k2v2_s16_r128,final,logit_max_abs_diff,5,aime24:p11:s0:seed11042
0.021392407030115024,kivi_rolling_k2v2_s16_r128,final,next_token_JS,5,aime24:p11:s0:seed11042
0.0813009981329742,kivi_rolling_k2v2_s16_r128,final,next_token_KL,5,aime24:p11:s0:seed11042
0.4171843978110701,kivi_rolling_k2v2_s16_r128,final,target_token_NLL_delta,5,aime24:p11:s0:seed11042
0.0,kivi_rolling_k2v2_s16_r128,final,top1_disagreement,5,aime24:p11:s0:seed11042
1.4345711765345186,pattern_rolling_k2v2_s0_r128,final,attention_output_relative_L2,5,aime24:p11:s0:seed11042
0.266381174325943,pattern_rolling_k2v2_s0_r128,final,hidden_cosine_loss,5,aime24:p11:s0:seed11042
1.4345711765345186,pattern_rolling_k2v2_s0_r128,final,hidden_relative_L2,5,aime24:p11:s0:seed11042
17.37890625,pattern_rolling_k2v2_s0_r128,final,logit_max_abs_diff,5,aime24:p11:s0:seed11042
0.15012258196450468,pattern_rolling_k2v2_s0_r128,final,next_token_JS,5,aime24:p11:s0:seed11042
0.5702662746543865,pattern_rolling_k2v2_s0_r128,final,next_token_KL,5,aime24:p11:s0:seed11042
1.0168340980890207,pattern_rolling_k2v2_s0_r128,final,target_token_NLL_delta,5,aime24:p11:s0:seed11042
0.0,pattern_rolling_k2v2_s0_r128,final,top1_disagreement,5,aime24:p11:s0:seed11042
0.5502911786315963,pattern_rolling_k2v2_s16_r128,final,attention_output_relative_L2,5,aime24:p11:s0:seed11042
0.04258209466934204,pattern_rolling_k2v2_s16_r128,final,hidden_cosine_loss,5,aime24:p11:s0:seed11042
0.5502911786315963,pattern_rolling_k2v2_s16_r128,final,hidden_relative_L2,5,aime24:p11:s0:seed11042
5.896484375,pattern_rolling_k2v2_s16_r128,final,logit_max_abs_diff,5,aime24:p11:s0:seed11042
0.011437818462335159,pattern_rolling_k2v2_s16_r128,final,next_token_JS,5,aime24:p11:s0:seed11042
0.044301640361481986,pattern_rolling_k2v2_s16_r128,final,next_token_KL,5,aime24:p11:s0:seed11042
0.2691796813160181,pattern_rolling_k2v2_s16_r128,final,target_token_NLL_delta,5,aime24:p11:s0:seed11042
0.0,pattern_rolling_k2v2_s16_r128,final,top1_disagreement,5,aime24:p11:s0:seed11042
1.4345711765345186,patternkv_paper,final,attention_output_relative_L2,5,aime24:p11:s0:seed11042
0.266381174325943,patternkv_paper,final,hidden_cosine_loss,5,aime24:p11:s0:seed11042
1.4345711765345186,patternkv_paper,final,hidden_relative_L2,5,aime24:p11:s0:seed11042
17.37890625,patternkv_paper,final,logit_max_abs_diff,5,aime24:p11:s0:seed11042
0.15012258196450468,patternkv_paper,final,next_token_JS,5,aime24:p11:s0:seed11042
0.5702662746543865,patternkv_paper,final,next_token_KL,5,aime24:p11:s0:seed11042
1.0168340980890207,patternkv_paper,final,target_token_NLL_delta,5,aime24:p11:s0:seed11042
0.0,patternkv_paper,final,top1_disagreement,5,aime24:p11:s0:seed11042
1.9101470923051238,kivi_paper_g128,final,attention_output_relative_L2,5,aime24:p11:s1:seed11043
0.4655546545982361,kivi_paper_g128,final,hidden_cosine_loss,5,aime24:p11:s1:seed11043
1.9101470923051238,kivi_paper_g128,final,hidden_relative_L2,5,aime24:p11:s1:seed11043
18.4765625,kivi_paper_g128,final,logit_max_abs_diff,5,aime24:p11:s1:seed11043
0.15748936770706812,kivi_paper_g128,final,next_token_JS,5,aime24:p11:s1:seed11043
0.6448326992311435,kivi_paper_g128,final,next_token_KL,5,aime24:p11:s1:seed11043
0.5632536262269241,kivi_paper_g128,final,target_token_NLL_delta,5,aime24:p11:s1:seed11043
0.0,kivi_paper_g128,final,top1_disagreement,5,aime24:p11:s1:seed11043
1.9101470923051238,kivi_rolling_k2v2_s0_r128,final,attention_output_relative_L2,5,aime24:p11:s1:seed11043
0.4655546545982361,kivi_rolling_k2v2_s0_r128,final,hidden_cosine_loss,5,aime24:p11:s1:seed11043
1.9101470923051238,kivi_rolling_k2v2_s0_r128,final,hidden_relative_L2,5,aime24:p11:s1:seed11043
18.4765625,kivi_rolling_k2v2_s0_r128,final,logit_max_abs_diff,5,aime24:p11:s1:seed11043
0.15748936770706812,kivi_rolling_k2v2_s0_r128,final,next_token_JS,5,aime24:p11:s1:seed11043
0.6448326992311435,kivi_rolling_k2v2_s0_r128,final,next_token_KL,5,aime24:p11:s1:seed11043
0.5632536262269241,kivi_rolling_k2v2_s0_r128,final,target_token_NLL_delta,5,aime24:p11:s1:seed11043
0.0,kivi_rolling_k2v2_s0_r128,final,top1_disagreement,5,aime24:p11:s1:seed11043
0.5972095124889165,kivi_rolling_k2v2_s16_r128,final,attention_output_relative_L2,5,aime24:p11:s1:seed11043
0.05504506826400757,kivi_rolling_k2v2_s16_r128,final,hidden_cosine_loss,5,aime24:p11:s1:seed11043
0.5972095124889165,kivi_rolling_k2v2_s16_r128,final,hidden_relative_L2,5,aime24:p11:s1:seed11043
5.37841796875,kivi_rolling_k2v2_s16_r128,final,logit_max_abs_diff,5,aime24:p11:s1:seed11043
0.018121277300501296,kivi_rolling_k2v2_s16_r128,final,next_token_JS,5,aime24:p11:s1:seed11043
0.08090391292373605,kivi_rolling_k2v2_s16_r128,final,next_token_KL,5,aime24:p11:s1:seed11043
0.14846736192701826,kivi_rolling_k2v2_s16_r128,final,target_token_NLL_delta,5,aime24:p11:s1:seed11043
0.0,kivi_rolling_k2v2_s16_r128,final,top1_disagreement,5,aime24:p11:s1:seed11043
1.5917868381366134,pattern_rolling_k2v2_s0_r128,final,attention_output_relative_L2,5,aime24:p11:s1:seed11043
0.320997029542923,pattern_rolling_k2v2_s0_r128,final,hidden_cosine_loss,5,aime24:p11:s1:seed11043
1.5917868381366134,pattern_rolling_k2v2_s0_r128,final,hidden_relative_L2,5,aime24:p11:s1:seed11043
14.26611328125,pattern_rolling_k2v2_s0_r128,final,logit_max_abs_diff,5,aime24:p11:s1:seed11043
0.12870082278500283,pattern_rolling_k2v2_s0_r128,final,next_token_JS,5,aime24:p11:s1:seed11043
0.565654739117248,pattern_rolling_k2v2_s0_r128,final,next_token_KL,5,aime24:p11:s1:seed11043
0.9025419801456565,pattern_rolling_k2v2_s0_r128,final,target_token_NLL_delta,5,aime24:p11:s1:seed11043
0.0,pattern_rolling_k2v2_s0_r128,final,top1_disagreement,5,aime24:p11:s1:seed11043
0.5875786610413343,pattern_rolling_k2v2_s16_r128,final,attention_output_relative_L2,5,aime24:p11:s1:seed11043
0.0554332435131073,pattern_rolling_k2v2_s16_r128,final,hidden_cosine_loss,5,aime24:p11:s1:seed11043
0.5875786610413343,pattern_rolling_k2v2_s16_r128,final,hidden_relative_L2,5,aime24:p11:s1:seed11043
6.236328125,pattern_rolling_k2v2_s16_r128,final,logit_max_abs_diff,5,aime24:p11:s1:seed11043
0.02224764939376979,pattern_rolling_k2v2_s16_r128,final,next_token_JS,5,aime24:p11:s1:seed11043
0.09721517152761389,pattern_rolling_k2v2_s16_r128,final,next_token_KL,5,aime24:p11:s1:seed11043
0.1475047990679741,pattern_rolling_k2v2_s16_r128,final,target_token_NLL_delta,5,aime24:p11:s1:seed11043
0.0,pattern_rolling_k2v2_s16_r128,final,top1_disagreement,5,aime24:p11:s1:seed11043
1.5917868381366134,patternkv_paper,final,attention_output_relative_L2,5,aime24:p11:s1:seed11043
0.320997029542923,patternkv_paper,final,hidden_cosine_loss,5,aime24:p11:s1:seed11043
1.5917868381366134,patternkv_paper,final,hidden_relative_L2,5,aime24:p11:s1:seed11043
14.26611328125,patternkv_paper,final,logit_max_abs_diff,5,aime24:p11:s1:seed11043
0.12870082278500283,patternkv_paper,final,next_token_JS,5,aime24:p11:s1:seed11043
0.565654739117248,patternkv_paper,final,next_token_KL,5,aime24:p11:s1:seed11043
0.9025419801456565,patternkv_paper,final,target_token_NLL_delta,5,aime24:p11:s1:seed11043
0.0,patternkv_paper,final,top1_disagreement,5,aime24:p11:s1:seed11043
1.6934918036567979,kivi_paper_g128,final,attention_output_relative_L2,5,aime24:p12:s0:seed12042
0.3776349127292633,kivi_paper_g128,final,hidden_cosine_loss,5,aime24:p12:s0:seed12042
1.6934918036567979,kivi_paper_g128,final,hidden_relative_L2,5,aime24:p12:s0:seed12042
18.33447265625,kivi_paper_g128,final,logit_max_abs_diff,5,aime24:p12:s0:seed12042
0.023342257015392054,kivi_paper_g128,final,next_token_JS,5,aime24:p12:s0:seed12042
0.08636698884538418,kivi_paper_g128,final,next_token_KL,5,aime24:p12:s0:seed12042
-0.01562265603661217,kivi_paper_g128,final,target_token_NLL_delta,5,aime24:p12:s0:seed12042
0.0,kivi_paper_g128,final,top1_disagreement,5,aime24:p12:s0:seed12042
1.6934918036567979,kivi_rolling_k2v2_s0_r128,final,attention_output_relative_L2,5,aime24:p12:s0:seed12042
0.3776349127292633,kivi_rolling_k2v2_s0_r128,final,hidden_cosine_loss,5,aime24:p12:s0:seed12042
1.6934918036567979,kivi_rolling_k2v2_s0_r128,final,hidden_relative_L2,5,aime24:p12:s0:seed12042
18.33447265625,kivi_rolling_k2v2_s0_r128,final,logit_max_abs_diff,5,aime24:p12:s0:seed12042
0.023342257015392054,kivi_rolling_k2v2_s0_r128,final,next_token_JS,5,aime24:p12:s0:seed12042
0.08636698884538418,kivi_rolling_k2v2_s0_r128,final,next_token_KL,5,aime24:p12:s0:seed12042
-0.01562265603661217,kivi_rolling_k2v2_s0_r128,final,target_token_NLL_delta,5,aime24:p12:s0:seed12042
0.0,kivi_rolling_k2v2_s0_r128,final,top1_disagreement,5,aime24:p12:s0:seed12042
0.4746706217410974,kivi_rolling_k2v2_s16_r128,final,attention_output_relative_L2,5,aime24:p12:s0:seed12042
0.030519306659698486,kivi_rolling_k2v2_s16_r128,final,hidden_cosine_loss,5,aime24:p12:s0:seed12042
0.4746706217410974,kivi_rolling_k2v2_s16_r128,final,hidden_relative_L2,5,aime24:p12:s0:seed12042
4.79443359375,kivi_rolling_k2v2_s16_r128,final,logit_max_abs_diff,5,aime24:p12:s0:seed12042
0.0016432891430119279,kivi_rolling_k2v2_s16_r128,final,next_token_JS,5,aime24:p12:s0:seed12042
0.0064070609968878145,kivi_rolling_k2v2_s16_r128,final,next_token_KL,5,aime24:p12:s0:seed12042
0.006602758191547764,kivi_rolling_k2v2_s16_r128,final,target_token_NLL_delta,5,aime24:p12:s0:seed12042
0.0,kivi_rolling_k2v2_s16_r128,final,top1_disagreement,5,aime24:p12:s0:seed12042
1.6801581105100922,pattern_rolling_k2v2_s0_r128,final,attention_output_relative_L2,5,aime24:p12:s0:seed12042
0.37770289182662964,pattern_rolling_k2v2_s0_r128,final,hidden_cosine_loss,5,aime24:p12:s0:seed12042
1.6801581105100922,pattern_rolling_k2v2_s0_r128,final,hidden_relative_L2,5,aime24:p12:s0:seed12042
17.46142578125,pattern_rolling_k2v2_s0_r128,final,logit_max_abs_diff,5,aime24:p12:s0:seed12042
0.06610152159188099,pattern_rolling_k2v2_s0_r128,final,next_token_JS,5,aime24:p12:s0:seed12042
0.23333617166599652,pattern_rolling_k2v2_s0_r128,final,next_token_KL,5,aime24:p12:s0:seed12042
-0.021397539589997905,pattern_rolling_k2v2_s0_r128,final,target_token_NLL_delta,5,aime24:p12:s0:seed12042
0.0,pattern_rolling_k2v2_s0_r128,final,top1_disagreement,5,aime24:p12:s0:seed12042
0.4266534328344278,pattern_rolling_k2v2_s16_r128,final,attention_output_relative_L2,5,aime24:p12:s0:seed12042
0.025572538375854492,pattern_rolling_k2v2_s16_r128,final,hidden_cosine_loss,5,aime24:p12:s0:seed12042
0.4266534328344278,pattern_rolling_k2v2_s16_r128,final,hidden_relative_L2,5,aime24:p12:s0:seed12042
6.02783203125,pattern_rolling_k2v2_s16_r128,final,logit_max_abs_diff,5,aime24:p12:s0:seed12042
0.00320245136803321,pattern_rolling_k2v2_s16_r128,final,next_token_JS,5,aime24:p12:s0:seed12042
0.012945975328828574,pattern_rolling_k2v2_s16_r128,final,next_token_KL,5,aime24:p12:s0:seed12042
-0.102091694484443,pattern_rolling_k2v2_s16_r128,final,target_token_NLL_delta,5,aime24:p12:s0:seed12042
0.0,pattern_rolling_k2v2_s16_r128,final,top1_disagreement,5,aime24:p12:s0:seed12042
1.6801581105100922,patternkv_paper,final,attention_output_relative_L2,5,aime24:p12:s0:seed12042
0.37770289182662964,patternkv_paper,final,hidden_cosine_loss,5,aime24:p12:s0:seed12042
1.6801581105100922,patternkv_paper,final,hidden_relative_L2,5,aime24:p12:s0:seed12042
17.46142578125,patternkv_paper,final,logit_max_abs_diff,5,aime24:p12:s0:seed12042
0.06610152159188099,patternkv_paper,final,next_token_JS,5,aime24:p12:s0:seed12042
0.23333617166599652,patternkv_paper,final,next_token_KL,5,aime24:p12:s0:seed12042
-0.021397539589997905,patternkv_paper,final,target_token_NLL_delta,5,aime24:p12:s0:seed12042
0.0,patternkv_paper,final,top1_disagreement,5,aime24:p12:s0:seed12042
1.5249704431626014,kivi_paper_g128,final,attention_output_relative_L2,5,aime24:p12:s1:seed12043
0.3038056492805481,kivi_paper_g128,final,hidden_cosine_loss,5,aime24:p12:s1:seed12043
1.5249704431626014,kivi_paper_g128,final,hidden_relative_L2,5,aime24:p12:s1:seed12043
15.66015625,kivi_paper_g128,final,logit_max_abs_diff,5,aime24:p12:s1:seed12043
0.07821843467288403,kivi_paper_g128,final,next_token_JS,5,aime24:p12:s1:seed12043
0.4217120533662353,kivi_paper_g128,final,next_token_KL,5,aime24:p12:s1:seed12043
0.5626361072063446,kivi_paper_g128,final,target_token_NLL_delta,5,aime24:p12:s1:seed12043
0.0,kivi_paper_g128,final,top1_disagreement,5,aime24:p12:s1:seed12043
1.5249704431626014,kivi_rolling_k2v2_s0_r128,final,attention_output_relative_L2,5,aime24:p12:s1:seed12043
0.3038056492805481,kivi_rolling_k2v2_s0_r128,final,hidden_cosine_loss,5,aime24:p12:s1:seed12043
1.5249704431626014,kivi_rolling_k2v2_s0_r128,final,hidden_relative_L2,5,aime24:p12:s1:seed12043
15.66015625,kivi_rolling_k2v2_s0_r128,final,logit_max_abs_diff,5,aime24:p12:s1:seed12043
0.07821843467288403,kivi_rolling_k2v2_s0_r128,final,next_token_JS,5,aime24:p12:s1:seed12043
0.4217120533662353,kivi_rolling_k2v2_s0_r128,final,next_token_KL,5,aime24:p12:s1:seed12043
0.5626361072063446,kivi_rolling_k2v2_s0_r128,final,target_token_NLL_delta,5,aime24:p12:s1:seed12043
0.0,kivi_rolling_k2v2_s0_r128,final,top1_disagreement,5,aime24:p12:s1:seed12043
0.4927867734222673,kivi_rolling_k2v2_s16_r128,final,attention_output_relative_L2,5,aime24:p12:s1:seed12043
0.03396797180175781,kivi_rolling_k2v2_s16_r128,final,hidden_cosine_loss,5,aime24:p12:s1:seed12043
0.4927867734222673,kivi_rolling_k2v2_s16_r128,final,hidden_relative_L2,5,aime24:p12:s1:seed12043
4.336181640625,kivi_rolling_k2v2_s16_r128,final,logit_max_abs_diff,5,aime24:p12:s1:seed12043
0.02459237216068999,kivi_rolling_k2v2_s16_r128,final,next_token_JS,5,aime24:p12:s1:seed12043
0.09437390823720193,kivi_rolling_k2v2_s16_r128,final,next_token_KL,5,aime24:p12:s1:seed12043
0.46567201614379883,kivi_rolling_k2v2_s16_r128,final,target_token_NLL_delta,5,aime24:p12:s1:seed12043
0.0,kivi_rolling_k2v2_s16_r128,final,top1_disagreement,5,aime24:p12:s1:seed12043
1.4027049105498008,pattern_rolling_k2v2_s0_r128,final,attention_output_relative_L2,5,aime24:p12:s1:seed12043
0.2632121741771698,pattern_rolling_k2v2_s0_r128,final,hidden_cosine_loss,5,aime24:p12:s1:seed12043
1.4027049105498008,pattern_rolling_k2v2_s0_r128,final,hidden_relative_L2,5,aime24:p12:s1:seed12043
14.00048828125,pattern_rolling_k2v2_s0_r128,final,logit_max_abs_diff,5,aime24:p12:s1:seed12043
0.041615129766135794,pattern_rolling_k2v2_s0_r128,final,next_token_JS,5,aime24:p12:s1:seed12043
0.15883644333504776,pattern_rolling_k2v2_s0_r128,final,next_token_KL,5,aime24:p12:s1:seed12043
0.6398397833108902,pattern_rolling_k2v2_s0_r128,final,target_token_NLL_delta,5,aime24:p12:s1:seed12043
0.0,pattern_rolling_k2v2_s0_r128,final,top1_disagreement,5,aime24:p12:s1:seed12043
0.4391957381158136,pattern_rolling_k2v2_s16_r128,final,attention_output_relative_L2,5,aime24:p12:s1:seed12043
0.02673223614692688,pattern_rolling_k2v2_s16_r128,final,hidden_cosine_loss,5,aime24:p12:s1:seed12043
0.4391957381158136,pattern_rolling_k2v2_s16_r128,final,hidden_relative_L2,5,aime24:p12:s1:seed12043
5.655487060546875,pattern_rolling_k2v2_s16_r128,final,logit_max_abs_diff,5,aime24:p12:s1:seed12043
0.010544610945792954,pattern_rolling_k2v2_s16_r128,final,next_token_JS,5,aime24:p12:s1:seed12043
0.04193193034140563,pattern_rolling_k2v2_s16_r128,final,next_token_KL,5,aime24:p12:s1:seed12043
-0.12885743379592896,pattern_rolling_k2v2_s16_r128,final,target_token_NLL_delta,5,aime24:p12:s1:seed12043
0.0,pattern_rolling_k2v2_s16_r128,final,top1_disagreement,5,aime24:p12:s1:seed12043
1.4027049105498008,patternkv_paper,final,attention_output_relative_L2,5,aime24:p12:s1:seed12043
0.2632121741771698,patternkv_paper,final,hidden_cosine_loss,5,aime24:p12:s1:seed12043
1.4027049105498008,patternkv_paper,final,hidden_relative_L2,5,aime24:p12:s1:seed12043
14.00048828125,patternkv_paper,final,logit_max_abs_diff,5,aime24:p12:s1:seed12043
0.041615129766135794,patternkv_paper,final,next_token_JS,5,aime24:p12:s1:seed12043
0.15883644333504776,patternkv_paper,final,next_token_KL,5,aime24:p12:s1:seed12043
0.6398397833108902,patternkv_paper,final,target_token_NLL_delta,5,aime24:p12:s1:seed12043
0.0,patternkv_paper,final,top1_disagreement,5,aime24:p12:s1:seed12043
1.731959993543569,kivi_paper_g128,final,attention_output_relative_L2,5,aime24:p14:s0:seed14042
0.37848907709121704,kivi_paper_g128,final,hidden_cosine_loss,5,aime24:p14:s0:seed14042
1.731959993543569,kivi_paper_g128,final,hidden_relative_L2,5,aime24:p14:s0:seed14042
16.376953125,kivi_paper_g128,final,logit_max_abs_diff,5,aime24:p14:s0:seed14042
0.09069466081132699,kivi_paper_g128,final,next_token_JS,5,aime24:p14:s0:seed14042
0.4096814685167016,kivi_paper_g128,final,next_token_KL,5,aime24:p14:s0:seed14042
-0.6913534528803211,kivi_paper_g128,final,target_token_NLL_delta,5,aime24:p14:s0:seed14042
0.5,kivi_paper_g128,final,top1_disagreement,5,aime24:p14:s0:seed14042
1.731959993543569,kivi_rolling_k2v2_s0_r128,final,attention_output_relative_L2,5,aime24:p14:s0:seed14042
0.37848907709121704,kivi_rolling_k2v2_s0_r128,final,hidden_cosine_loss,5,aime24:p14:s0:seed14042
1.731959993543569,kivi_rolling_k2v2_s0_r128,final,hidden_relative_L2,5,aime24:p14:s0:seed14042
16.376953125,kivi_rolling_k2v2_s0_r128,final,logit_max_abs_diff,5,aime24:p14:s0:seed14042
0.09069466081132699,kivi_rolling_k2v2_s0_r128,final,next_token_JS,5,aime24:p14:s0:seed14042
0.4096814685167016,kivi_rolling_k2v2_s0_r128,final,next_token_KL,5,aime24:p14:s0:seed14042
-0.6913534528803211,kivi_rolling_k2v2_s0_r128,final,target_token_NLL_delta,5,aime24:p14:s0:seed14042
0.5,kivi_rolling_k2v2_s0_r128,final,top1_disagreement,5,aime24:p14:s0:seed14042
0.719208522059489,kivi_rolling_k2v2_s16_r128,final,attention_output_relative_L2,5,aime24:p14:s0:seed14042
0.07108518481254578,kivi_rolling_k2v2_s16_r128,final,hidden_cosine_loss,5,aime24:p14:s0:seed14042
0.719208522059489,kivi_rolling_k2v2_s16_r128,final,hidden_relative_L2,5,aime24:p14:s0:seed14042
6.9501953125,kivi_rolling_k2v2_s16_r128,final,logit_max_abs_diff,5,aime24:p14:s0:seed14042
0.01326587109133509,kivi_rolling_k2v2_s16_r128,final,next_token_JS,5,aime24:p14:s0:seed14042
0.05189197499240783,kivi_rolling_k2v2_s16_r128,final,next_token_KL,5,aime24:p14:s0:seed14042
0.06509463947531913,kivi_rolling_k2v2_s16_r128,final,target_token_NLL_delta,5,aime24:p14:s0:seed14042
0.0,kivi_rolling_k2v2_s16_r128,final,top1_disagreement,5,aime24:p14:s0:seed14042
1.4857073822640814,pattern_rolling_k2v2_s0_r128,final,attention_output_relative_L2,5,aime24:p14:s0:seed14042
0.2752145528793335,pattern_rolling_k2v2_s0_r128,final,hidden_cosine_loss,5,aime24:p14:s0:seed14042
1.4857073822640814,pattern_rolling_k2v2_s0_r128,final,hidden_relative_L2,5,aime24:p14:s0:seed14042
12.981201171875,pattern_rolling_k2v2_s0_r128,final,logit_max_abs_diff,5,aime24:p14:s0:seed14042
0.06311908266349459,pattern_rolling_k2v2_s0_r128,final,next_token_JS,5,aime24:p14:s0:seed14042
0.24381649353741586,pattern_rolling_k2v2_s0_r128,final,next_token_KL,5,aime24:p14:s0:seed14042
-0.33228143419000844,pattern_rolling_k2v2_s0_r128,final,target_token_NLL_delta,5,aime24:p14:s0:seed14042
0.5,pattern_rolling_k2v2_s0_r128,final,top1_disagreement,5,aime24:p14:s0:seed14042
0.5261795430560596,pattern_rolling_k2v2_s16_r128,final,attention_output_relative_L2,5,aime24:p14:s0:seed14042
0.039249539375305176,pattern_rolling_k2v2_s16_r128,final,hidden_cosine_loss,5,aime24:p14:s0:seed14042
0.5261795430560596,pattern_rolling_k2v2_s16_r128,final,hidden_relative_L2,5,aime24:p14:s0:seed14042
5.8037109375,pattern_rolling_k2v2_s16_r128,final,logit_max_abs_diff,5,aime24:p14:s0:seed14042
0.02436423128043369,pattern_rolling_k2v2_s16_r128,final,next_token_JS,5,aime24:p14:s0:seed14042
0.09384526437552387,pattern_rolling_k2v2_s16_r128,final,next_token_KL,5,aime24:p14:s0:seed14042
0.1661208896066455,pattern_rolling_k2v2_s16_r128,final,target_token_NLL_delta,5,aime24:p14:s0:seed14042
0.0,pattern_rolling_k2v2_s16_r128,final,top1_disagreement,5,aime24:p14:s0:seed14042
1.4857073822640814,patternkv_paper,final,attention_output_relative_L2,5,aime24:p14:s0:seed14042
0.2752145528793335,patternkv_paper,final,hidden_cosine_loss,5,aime24:p14:s0:seed14042
1.4857073822640814,patternkv_paper,final,hidden_relative_L2,5,aime24:p14:s0:seed14042
12.981201171875,patternkv_paper,final,logit_max_abs_diff,5,aime24:p14:s0:seed14042
0.06311908266349459,patternkv_paper,final,next_token_JS,5,aime24:p14:s0:seed14042
0.24381649353741586,patternkv_paper,final,next_token_KL,5,aime24:p14:s0:seed14042
-0.33228143419000844,patternkv_paper,final,target_token_NLL_delta,5,aime24:p14:s0:seed14042
0.5,patternkv_paper,final,top1_disagreement,5,aime24:p14:s0:seed14042
1.4165458698989823,kivi_paper_g128,final,attention_output_relative_L2,5,aime24:p15:s0:seed15042
0.26518070697784424,kivi_paper_g128,final,hidden_cosine_loss,5,aime24:p15:s0:seed15042
1.4165458698989823,kivi_paper_g128,final,hidden_relative_L2,5,aime24:p15:s0:seed15042
17.24267578125,kivi_paper_g128,final,logit_max_abs_diff,5,aime24:p15:s0:seed15042
0.09731392905266123,kivi_paper_g128,final,next_token_JS,5,aime24:p15:s0:seed15042
0.3133043862139928,kivi_paper_g128,final,next_token_KL,5,aime24:p15:s0:seed15042
0.5038114867638797,kivi_paper_g128,final,target_token_NLL_delta,5,aime24:p15:s0:seed15042
0.0,kivi_paper_g128,final,top1_disagreement,5,aime24:p15:s0:seed15042
1.4165458698989823,kivi_rolling_k2v2_s0_r128,final,attention_output_relative_L2,5,aime24:p15:s0:seed15042
0.26518070697784424,kivi_rolling_k2v2_s0_r128,final,hidden_cosine_loss,5,aime24:p15:s0:seed15042
1.4165458698989823,kivi_rolling_k2v2_s0_r128,final,hidden_relative_L2,5,aime24:p15:s0:seed15042
17.24267578125,kivi_rolling_k2v2_s0_r128,final,logit_max_abs_diff,5,aime24:p15:s0:seed15042
0.09731392905266123,kivi_rolling_k2v2_s0_r128,final,next_token_JS,5,aime24:p15:s0:seed15042
0.3133043862139928,kivi_rolling_k2v2_s0_r128,final,next_token_KL,5,aime24:p15:s0:seed15042
0.5038114867638797,kivi_rolling_k2v2_s0_r128,final,target_token_NLL_delta,5,aime24:p15:s0:seed15042
0.0,kivi_rolling_k2v2_s0_r128,final,top1_disagreement,5,aime24:p15:s0:seed15042
0.7393117324681953,kivi_rolling_k2v2_s16_r128,final,attention_output_relative_L2,5,aime24:p15:s0:seed15042
0.07469886541366577,kivi_rolling_k2v2_s16_r128,final,hidden_cosine_loss,5,aime24:p15:s0:seed15042
0.7393117324681953,kivi_rolling_k2v2_s16_r128,final,hidden_relative_L2,5,aime24:p15:s0:seed15042
8.390625,kivi_rolling_k2v2_s16_r128,final,logit_max_abs_diff,5,aime24:p15:s0:seed15042
0.03666672220111877,kivi_rolling_k2v2_s16_r128,final,next_token_JS,5,aime24:p15:s0:seed15042
0.13337781100836565,kivi_rolling_k2v2_s16_r128,final,next_token_KL,5,aime24:p15:s0:seed15042
0.5027307451964589,kivi_rolling_k2v2_s16_r128,final,target_token_NLL_delta,5,aime24:p15:s0:seed15042
1.0,kivi_rolling_k2v2_s16_r128,final,top1_disagreement,5,aime24:p15:s0:seed15042
1.1832474638940766,pattern_rolling_k2v2_s0_r128,final,attention_output_relative_L2,5,aime24:p15:s0:seed15042
0.18715175986289978,pattern_rolling_k2v2_s0_r128,final,hidden_cosine_loss,5,aime24:p15:s0:seed15042
1.1832474638940766,pattern_rolling_k2v2_s0_r128,final,hidden_relative_L2,5,aime24:p15:s0:seed15042
15.21630859375,pattern_rolling_k2v2_s0_r128,final,logit_max_abs_diff,5,aime24:p15:s0:seed15042
0.06149880573681887,pattern_rolling_k2v2_s0_r128,final,next_token_JS,5,aime24:p15:s0:seed15042
0.24060344235068243,pattern_rolling_k2v2_s0_r128,final,next_token_KL,5,aime24:p15:s0:seed15042
0.826158146810485,pattern_rolling_k2v2_s0_r128,final,target_token_NLL_delta,5,aime24:p15:s0:seed15042
1.0,pattern_rolling_k2v2_s0_r128,final,top1_disagreement,5,aime24:p15:s0:seed15042
0.7025264428230003,pattern_rolling_k2v2_s16_r128,final,attention_output_relative_L2,5,aime24:p15:s0:seed15042
0.06855940818786621,pattern_rolling_k2v2_s16_r128,final,hidden_cosine_loss,5,aime24:p15:s0:seed15042
0.7025264428230003,pattern_rolling_k2v2_s16_r128,final,hidden_relative_L2,5,aime24:p15:s0:seed15042
8.887939453125,pattern_rolling_k2v2_s16_r128,final,logit_max_abs_diff,5,aime24:p15:s0:seed15042
0.012367381409205791,pattern_rolling_k2v2_s16_r128,final,next_token_JS,5,aime24:p15:s0:seed15042
0.04162373408963305,pattern_rolling_k2v2_s16_r128,final,next_token_KL,5,aime24:p15:s0:seed15042
0.13009777979459614,pattern_rolling_k2v2_s16_r128,final,target_token_NLL_delta,5,aime24:p15:s0:seed15042
0.0,pattern_rolling_k2v2_s16_r128,final,top1_disagreement,5,aime24:p15:s0:seed15042
1.1832474638940766,patternkv_paper,final,attention_output_relative_L2,5,aime24:p15:s0:seed15042
0.18715175986289978,patternkv_paper,final,hidden_cosine_loss,5,aime24:p15:s0:seed15042
1.1832474638940766,patternkv_paper,final,hidden_relative_L2,5,aime24:p15:s0:seed15042
15.21630859375,patternkv_paper,final,logit_max_abs_diff,5,aime24:p15:s0:seed15042
0.06149880573681887,patternkv_paper,final,next_token_JS,5,aime24:p15:s0:seed15042
0.24060344235068243,patternkv_paper,final,next_token_KL,5,aime24:p15:s0:seed15042
0.826158146810485,patternkv_paper,final,target_token_NLL_delta,5,aime24:p15:s0:seed15042
1.0,patternkv_paper,final,top1_disagreement,5,aime24:p15:s0:seed15042
2.360180970747024,kivi_paper_g128,final,attention_output_relative_L2,5,aime24:p15:s1:seed15043
0.6610787510871887,kivi_paper_g128,final,hidden_cosine_loss,5,aime24:p15:s1:seed15043
2.360180970747024,kivi_paper_g128,final,hidden_relative_L2,5,aime24:p15:s1:seed15043
22.1630859375,kivi_paper_g128,final,logit_max_abs_diff,5,aime24:p15:s1:seed15043
0.005877309318113699,kivi_paper_g128,final,next_token_JS,5,aime24:p15:s1:seed15043
0.017414896332118346,kivi_paper_g128,final,next_token_KL,5,aime24:p15:s1:seed15043
0.016576720257944544,kivi_paper_g128,final,target_token_NLL_delta,5,aime24:p15:s1:seed15043
0.0,kivi_paper_g128,final,top1_disagreement,5,aime24:p15:s1:seed15043
2.360180970747024,kivi_rolling_k2v2_s0_r128,final,attention_output_relative_L2,5,aime24:p15:s1:seed15043
0.6610787510871887,kivi_rolling_k2v2_s0_r128,final,hidden_cosine_loss,5,aime24:p15:s1:seed15043
2.360180970747024,kivi_rolling_k2v2_s0_r128,final,hidden_relative_L2,5,aime24:p15:s1:seed15043
22.1630859375,kivi_rolling_k2v2_s0_r128,final,logit_max_abs_diff,5,aime24:p15:s1:seed15043
0.005877309318113699,kivi_rolling_k2v2_s0_r128,final,next_token_JS,5,aime24:p15:s1:seed15043
0.017414896332118346,kivi_rolling_k2v2_s0_r128,final,next_token_KL,5,aime24:p15:s1:seed15043
0.016576720257944544,kivi_rolling_k2v2_s0_r128,final,target_token_NLL_delta,5,aime24:p15:s1:seed15043
0.0,kivi_rolling_k2v2_s0_r128,final,top1_disagreement,5,aime24:p15:s1:seed15043
0.8499839259311557,kivi_rolling_k2v2_s16_r128,final,attention_output_relative_L2,5,aime24:p15:s1:seed15043
0.09310892224311829,kivi_rolling_k2v2_s16_r128,final,hidden_cosine_loss,5,aime24:p15:s1:seed15043
0.8499839259311557,kivi_rolling_k2v2_s16_r128,final,hidden_relative_L2,5,aime24:p15:s1:seed15043
8.933837890625,kivi_rolling_k2v2_s16_r128,final,logit_max_abs_diff,5,aime24:p15:s1:seed15043
6.219546565011669e-05,kivi_rolling_k2v2_s16_r128,final,next_token_JS,5,aime24:p15:s1:seed15043
0.00033097640055324007,kivi_rolling_k2v2_s16_r128,final,next_token_KL,5,aime24:p15:s1:seed15043
-3.2589681723038666e-05,kivi_rolling_k2v2_s16_r128,final,target_token_NLL_delta,5,aime24:p15:s1:seed15043
0.0,kivi_rolling_k2v2_s16_r128,final,top1_disagreement,5,aime24:p15:s1:seed15043
2.1190059152431786,pattern_rolling_k2v2_s0_r128,final,attention_output_relative_L2,5,aime24:p15:s1:seed15043
0.5099376440048218,pattern_rolling_k2v2_s0_r128,final,hidden_cosine_loss,5,aime24:p15:s1:seed15043
2.1190059152431786,pattern_rolling_k2v2_s0_r128,final,hidden_relative_L2,5,aime24:p15:s1:seed15043
18.77392578125,pattern_rolling_k2v2_s0_r128,final,logit_max_abs_diff,5,aime24:p15:s1:seed15043
0.02339150853940941,pattern_rolling_k2v2_s0_r128,final,next_token_JS,5,aime24:p15:s1:seed15043
0.06885417119854331,pattern_rolling_k2v2_s0_r128,final,next_token_KL,5,aime24:p15:s1:seed15043
0.06922552073774568,pattern_rolling_k2v2_s0_r128,final,target_token_NLL_delta,5,aime24:p15:s1:seed15043
0.0,pattern_rolling_k2v2_s0_r128,final,top1_disagreement,5,aime24:p15:s1:seed15043
0.7405673852190375,pattern_rolling_k2v2_s16_r128,final,attention_output_relative_L2,5,aime24:p15:s1:seed15043
0.07624834775924683,pattern_rolling_k2v2_s16_r128,final,hidden_cosine_loss,5,aime24:p15:s1:seed15043
0.7405673852190375,pattern_rolling_k2v2_s16_r128,final,hidden_relative_L2,5,aime24:p15:s1:seed15043
8.3427734375,pattern_rolling_k2v2_s16_r128,final,logit_max_abs_diff,5,aime24:p15:s1:seed15043
0.00012743621293997975,pattern_rolling_k2v2_s16_r128,final,next_token_JS,5,aime24:p15:s1:seed15043
0.0004463293750429642,pattern_rolling_k2v2_s16_r128,final,next_token_KL,5,aime24:p15:s1:seed15043
0.0010367742779635591,pattern_rolling_k2v2_s16_r128,final,target_token_NLL_delta,5,aime24:p15:s1:seed15043
0.0,pattern_rolling_k2v2_s16_r128,final,top1_disagreement,5,aime24:p15:s1:seed15043
2.1190059152431786,patternkv_paper,final,attention_output_relative_L2,5,aime24:p15:s1:seed15043
0.5099376440048218,patternkv_paper,final,hidden_cosine_loss,5,aime24:p15:s1:seed15043
2.1190059152431786,patternkv_paper,final,hidden_relative_L2,5,aime24:p15:s1:seed15043
18.77392578125,patternkv_paper,final,logit_max_abs_diff,5,aime24:p15:s1:seed15043
0.02339150853940941,patternkv_paper,final,next_token_JS,5,aime24:p15:s1:seed15043
0.06885417119854331,patternkv_paper,final,next_token_KL,5,aime24:p15:s1:seed15043
0.06922552073774568,patternkv_paper,final,target_token_NLL_delta,5,aime24:p15:s1:seed15043
0.0,patternkv_paper,final,top1_disagreement,5,aime24:p15:s1:seed15043
1.4335323980194516,kivi_paper_g128,final,attention_output_relative_L2,5,aime24:p16:s0:seed16042
0.26440826058387756,kivi_paper_g128,final,hidden_cosine_loss,5,aime24:p16:s0:seed16042
1.4335323980194516,kivi_paper_g128,final,hidden_relative_L2,5,aime24:p16:s0:seed16042
13.97894287109375,kivi_paper_g128,final,logit_max_abs_diff,5,aime24:p16:s0:seed16042
0.023434340021853295,kivi_paper_g128,final,next_token_JS,5,aime24:p16:s0:seed16042
0.09743528500392173,kivi_paper_g128,final,next_token_KL,5,aime24:p16:s0:seed16042
-0.08577180514112115,kivi_paper_g128,final,target_token_NLL_delta,5,aime24:p16:s0:seed16042
0.0,kivi_paper_g128,final,top1_disagreement,5,aime24:p16:s0:seed16042
1.4335323980194516,kivi_rolling_k2v2_s0_r128,final,attention_output_relative_L2,5,aime24:p16:s0:seed16042
0.26440826058387756,kivi_rolling_k2v2_s0_r128,final,hidden_cosine_loss,5,aime24:p16:s0:seed16042
1.4335323980194516,kivi_rolling_k2v2_s0_r128,final,hidden_relative_L2,5,aime24:p16:s0:seed16042
13.97894287109375,kivi_rolling_k2v2_s0_r128,final,logit_max_abs_diff,5,aime24:p16:s0:seed16042
0.023434340021853295,kivi_rolling_k2v2_s0_r128,final,next_token_JS,5,aime24:p16:s0:seed16042
0.09743528500392173,kivi_rolling_k2v2_s0_r128,final,next_token_KL,5,aime24:p16:s0:seed16042
-0.08577180514112115,kivi_rolling_k2v2_s0_r128,final,target_token_NLL_delta,5,aime24:p16:s0:seed16042
0.0,kivi_rolling_k2v2_s0_r128,final,top1_disagreement,5,aime24:p16:s0:seed16042
0.5325527466484345,kivi_rolling_k2v2_s16_r128,final,attention_output_relative_L2,5,aime24:p16:s0:seed16042
0.0389254093170166,kivi_rolling_k2v2_s16_r128,final,hidden_cosine_loss,5,aime24:p16:s0:seed16042
0.5325527466484345,kivi_rolling_k2v2_s16_r128,final,hidden_relative_L2,5,aime24:p16:s0:seed16042
5.720703125,kivi_rolling_k2v2_s16_r128,final,logit_max_abs_diff,5,aime24:p16:s0:seed16042
0.002363452418108425,kivi_rolling_k2v2_s16_r128,final,next_token_JS,5,aime24:p16:s0:seed16042
0.008718454693898536,kivi_rolling_k2v2_s16_r128,final,next_token_KL,5,aime24:p16:s0:seed16042
0.004358272650279105,kivi_rolling_k2v2_s16_r128,final,target_token_NLL_delta,5,aime24:p16:s0:seed16042
0.0,kivi_rolling_k2v2_s16_r128,final,top1_disagreement,5,aime24:p16:s0:seed16042
1.3716734608751722,pattern_rolling_k2v2_s0_r128,final,attention_output_relative_L2,5,aime24:p16:s0:seed16042
0.2470337152481079,pattern_rolling_k2v2_s0_r128,final,hidden_cosine_loss,5,aime24:p16:s0:seed16042
1.3716734608751722,pattern_rolling_k2v2_s0_r128,final,hidden_relative_L2,5,aime24:p16:s0:seed16042
13.3837890625,pattern_rolling_k2v2_s0_r128,final,logit_max_abs_diff,5,aime24:p16:s0:seed16042
0.012503141332930845,pattern_rolling_k2v2_s0_r128,final,next_token_JS,5,aime24:p16:s0:seed16042
0.04492898484884833,pattern_rolling_k2v2_s0_r128,final,next_token_KL,5,aime24:p16:s0:seed16042
-0.017735169734805822,pattern_rolling_k2v2_s0_r128,final,target_token_NLL_delta,5,aime24:p16:s0:seed16042
0.0,pattern_rolling_k2v2_s0_r128,final,top1_disagreement,5,aime24:p16:s0:seed16042
0.5427255794056691,pattern_rolling_k2v2_s16_r128,final,attention_output_relative_L2,5,aime24:p16:s0:seed16042
0.040627628564834595,pattern_rolling_k2v2_s16_r128,final,hidden_cosine_loss,5,aime24:p16:s0:seed16042
0.5427255794056691,pattern_rolling_k2v2_s16_r128,final,hidden_relative_L2,5,aime24:p16:s0:seed16042
5.7822265625,pattern_rolling_k2v2_s16_r128,final,logit_max_abs_diff,5,aime24:p16:s0:seed16042
0.0012975263856838115,pattern_rolling_k2v2_s16_r128,final,next_token_JS,5,aime24:p16:s0:seed16042
0.005005312620760094,pattern_rolling_k2v2_s16_r128,final,next_token_KL,5,aime24:p16:s0:seed16042
0.015424551151227206,pattern_rolling_k2v2_s16_r128,final,target_token_NLL_delta,5,aime24:p16:s0:seed16042
0.0,pattern_rolling_k2v2_s16_r128,final,top1_disagreement,5,aime24:p16:s0:seed16042
1.3716734608751722,patternkv_paper,final,attention_output_relative_L2,5,aime24:p16:s0:seed16042
0.2470337152481079,patternkv_paper,final,hidden_cosine_loss,5,aime24:p16:s0:seed16042
1.3716734608751722,patternkv_paper,final,hidden_relative_L2,5,aime24:p16:s0:seed16042
13.3837890625,patternkv_paper,final,logit_max_abs_diff,5,aime24:p16:s0:seed16042
0.012503141332930845,patternkv_paper,final,next_token_JS,5,aime24:p16:s0:seed16042
0.04492898484884833,patternkv_paper,final,next_token_KL,5,aime24:p16:s0:seed16042
-0.017735169734805822,patternkv_paper,final,target_token_NLL_delta,5,aime24:p16:s0:seed16042
0.0,patternkv_paper,final,top1_disagreement,5,aime24:p16:s0:seed16042
1.8536094722803682,kivi_paper_g128,final,attention_output_relative_L2,5,aime24:p17:s0:seed17042
0.4322332739830017,kivi_paper_g128,final,hidden_cosine_loss,5,aime24:p17:s0:seed17042
1.8536094722803682,kivi_paper_g128,final,hidden_relative_L2,5,aime24:p17:s0:seed17042
17.5400390625,kivi_paper_g128,final,logit_max_abs_diff,5,aime24:p17:s0:seed17042
0.3854768865782705,kivi_paper_g128,final,next_token_JS,5,aime24:p17:s0:seed17042
1.4828764125897367,kivi_paper_g128,final,next_token_KL,5,aime24:p17:s0:seed17042
1.821135499331831,kivi_paper_g128,final,target_token_NLL_delta,5,aime24:p17:s0:seed17042
1.5,kivi_paper_g128,final,top1_disagreement,5,aime24:p17:s0:seed17042
1.8536094722803682,kivi_rolling_k2v2_s0_r128,final,attention_output_relative_L2,5,aime24:p17:s0:seed17042
0.4322332739830017,kivi_rolling_k2v2_s0_r128,final,hidden_cosine_loss,5,aime24:p17:s0:seed17042
1.8536094722803682,kivi_rolling_k2v2_s0_r128,final,hidden_relative_L2,5,aime24:p17:s0:seed17042
17.5400390625,kivi_rolling_k2v2_s0_r128,final,logit_max_abs_diff,5,aime24:p17:s0:seed17042
0.3854768865782705,kivi_rolling_k2v2_s0_r128,final,next_token_JS,5,aime24:p17:s0:seed17042
1.4828764125897367,kivi_rolling_k2v2_s0_r128,final,next_token_KL,5,aime24:p17:s0:seed17042
1.821135499331831,kivi_rolling_k2v2_s0_r128,final,target_token_NLL_delta,5,aime24:p17:s0:seed17042
1.5,kivi_rolling_k2v2_s0_r128,final,top1_disagreement,5,aime24:p17:s0:seed17042
0.6366464435122907,kivi_rolling_k2v2_s16_r128,final,attention_output_relative_L2,5,aime24:p17:s0:seed17042
0.05383110046386719,kivi_rolling_k2v2_s16_r128,final,hidden_cosine_loss,5,aime24:p17:s0:seed17042
0.6366464435122907,kivi_rolling_k2v2_s16_r128,final,hidden_relative_L2,5,aime24:p17:s0:seed17042
6.11181640625,kivi_rolling_k2v2_s16_r128,final,logit_max_abs_diff,5,aime24:p17:s0:seed17042
0.009677094493777627,kivi_rolling_k2v2_s16_r128,final,next_token_JS,5,aime24:p17:s0:seed17042
0.048290355529265305,kivi_rolling_k2v2_s16_r128,final,next_token_KL,5,aime24:p17:s0:seed17042
-0.07497599621592599,kivi_rolling_k2v2_s16_r128,final,target_token_NLL_delta,5,aime24:p17:s0:seed17042
0.0,kivi_rolling_k2v2_s16_r128,final,top1_disagreement,5,aime24:p17:s0:seed17042
1.8662209210451692,pattern_rolling_k2v2_s0_r128,final,attention_output_relative_L2,5,aime24:p17:s0:seed17042
0.41021203994750977,pattern_rolling_k2v2_s0_r128,final,hidden_cosine_loss,5,aime24:p17:s0:seed17042
1.8662209210451692,pattern_rolling_k2v2_s0_r128,final,hidden_relative_L2,5,aime24:p17:s0:seed17042
17.6220703125,pattern_rolling_k2v2_s0_r128,final,logit_max_abs_diff,5,aime24:p17:s0:seed17042
0.48120562303001746,pattern_rolling_k2v2_s0_r128,final,next_token_JS,5,aime24:p17:s0:seed17042
1.9774842131238772,pattern_rolling_k2v2_s0_r128,final,next_token_KL,5,aime24:p17:s0:seed17042
2.3611854995970134,pattern_rolling_k2v2_s0_r128,final,target_token_NLL_delta,5,aime24:p17:s0:seed17042
1.5,pattern_rolling_k2v2_s0_r128,final,top1_disagreement,5,aime24:p17:s0:seed17042
0.4938569418154657,pattern_rolling_k2v2_s16_r128,final,attention_output_relative_L2,5,aime24:p17:s0:seed17042
0.03311985731124878,pattern_rolling_k2v2_s16_r128,final,hidden_cosine_loss,5,aime24:p17:s0:seed17042
0.4938569418154657,pattern_rolling_k2v2_s16_r128,final,hidden_relative_L2,5,aime24:p17:s0:seed17042
4.22412109375,pattern_rolling_k2v2_s16_r128,final,logit_max_abs_diff,5,aime24:p17:s0:seed17042
0.002790909418716847,pattern_rolling_k2v2_s16_r128,final,next_token_JS,5,aime24:p17:s0:seed17042
0.01223706902353161,pattern_rolling_k2v2_s16_r128,final,next_token_KL,5,aime24:p17:s0:seed17042
-0.047398407750051774,pattern_rolling_k2v2_s16_r128,final,target_token_NLL_delta,5,aime24:p17:s0:seed17042
0.0,pattern_rolling_k2v2_s16_r128,final,top1_disagreement,5,aime24:p17:s0:seed17042
1.8662209210451692,patternkv_paper,final,attention_output_relative_L2,5,aime24:p17:s0:seed17042
0.41021203994750977,patternkv_paper,final,hidden_cosine_loss,5,aime24:p17:s0:seed17042
1.8662209210451692,patternkv_paper,final,hidden_relative_L2,5,aime24:p17:s0:seed17042
17.6220703125,patternkv_paper,final,logit_max_abs_diff,5,aime24:p17:s0:seed17042
0.48120562303001746,patternkv_paper,final,next_token_JS,5,aime24:p17:s0:seed17042
1.9774842131238772,patternkv_paper,final,next_token_KL,5,aime24:p17:s0:seed17042
2.3611854995970134,patternkv_paper,final,target_token_NLL_delta,5,aime24:p17:s0:seed17042
1.5,patternkv_paper,final,top1_disagreement,5,aime24:p17:s0:seed17042
1.7897529958281666,kivi_paper_g128,final,attention_output_relative_L2,5,aime24:p6:s0:seed6042
0.4019906222820282,kivi_paper_g128,final,hidden_cosine_loss,5,aime24:p6:s0:seed6042
1.7897529958281666,kivi_paper_g128,final,hidden_relative_L2,5,aime24:p6:s0:seed6042
18.388671875,kivi_paper_g128,final,logit_max_abs_diff,5,aime24:p6:s0:seed6042
0.011996708771644826,kivi_paper_g128,final,next_token_JS,5,aime24:p6:s0:seed6042
0.03718055361160122,kivi_paper_g128,final,next_token_KL,5,aime24:p6:s0:seed6042
0.05608880003273953,kivi_paper_g128,final,target_token_NLL_delta,5,aime24:p6:s0:seed6042
0.0,kivi_paper_g128,final,top1_disagreement,5,aime24:p6:s0:seed6042
1.7897529958281666,kivi_rolling_k2v2_s0_r128,final,attention_output_relative_L2,5,aime24:p6:s0:seed6042
0.4019906222820282,kivi_rolling_k2v2_s0_r128,final,hidden_cosine_loss,5,aime24:p6:s0:seed6042
1.7897529958281666,kivi_rolling_k2v2_s0_r128,final,hidden_relative_L2,5,aime24:p6:s0:seed6042
18.388671875,kivi_rolling_k2v2_s0_r128,final,logit_max_abs_diff,5,aime24:p6:s0:seed6042
0.011996708771644826,kivi_rolling_k2v2_s0_r128,final,next_token_JS,5,aime24:p6:s0:seed6042
0.03718055361160122,kivi_rolling_k2v2_s0_r128,final,next_token_KL,5,aime24:p6:s0:seed6042
0.05608880003273953,kivi_rolling_k2v2_s0_r128,final,target_token_NLL_delta,5,aime24:p6:s0:seed6042
0.0,kivi_rolling_k2v2_s0_r128,final,top1_disagreement,5,aime24:p6:s0:seed6042
0.6978300686459988,kivi_rolling_k2v2_s16_r128,final,attention_output_relative_L2,5,aime24:p6:s0:seed6042
0.07248449325561523,kivi_rolling_k2v2_s16_r128,final,hidden_cosine_loss,5,aime24:p6:s0:seed6042
0.6978300686459988,kivi_rolling_k2v2_s16_r128,final,hidden_relative_L2,5,aime24:p6:s0:seed6042
6.751708984375,kivi_rolling_k2v2_s16_r128,final,logit_max_abs_diff,5,aime24:p6:s0:seed6042
0.0007589705939432534,kivi_rolling_k2v2_s16_r128,final,next_token_JS,5,aime24:p6:s0:seed6042
0.0028902544911302286,kivi_rolling_k2v2_s16_r128,final,next_token_KL,5,aime24:p6:s0:seed6042
0.01207315486681182,kivi_rolling_k2v2_s16_r128,final,target_token_NLL_delta,5,aime24:p6:s0:seed6042
0.0,kivi_rolling_k2v2_s16_r128,final,top1_disagreement,5,aime24:p6:s0:seed6042
1.4829112498555332,pattern_rolling_k2v2_s0_r128,final,attention_output_relative_L2,5,aime24:p6:s0:seed6042
0.2811437249183655,pattern_rolling_k2v2_s0_r128,final,hidden_cosine_loss,5,aime24:p6:s0:seed6042
1.4829112498555332,pattern_rolling_k2v2_s0_r128,final,hidden_relative_L2,5,aime24:p6:s0:seed6042
14.408935546875,pattern_rolling_k2v2_s0_r128,final,logit_max_abs_diff,5,aime24:p6:s0:seed6042
0.0023523216636620603,pattern_rolling_k2v2_s0_r128,final,next_token_JS,5,aime24:p6:s0:seed6042
0.0073596028224569565,pattern_rolling_k2v2_s0_r128,final,next_token_KL,5,aime24:p6:s0:seed6042
0.003290511594968848,pattern_rolling_k2v2_s0_r128,final,target_token_NLL_delta,5,aime24:p6:s0:seed6042
0.0,pattern_rolling_k2v2_s0_r128,final,top1_disagreement,5,aime24:p6:s0:seed6042
0.5940502460580319,pattern_rolling_k2v2_s16_r128,final,attention_output_relative_L2,5,aime24:p6:s0:seed6042
0.053758323192596436,pattern_rolling_k2v2_s16_r128,final,hidden_cosine_loss,5,aime24:p6:s0:seed6042
0.5940502460580319,pattern_rolling_k2v2_s16_r128,final,hidden_relative_L2,5,aime24:p6:s0:seed6042
5.259033203125,pattern_rolling_k2v2_s16_r128,final,logit_max_abs_diff,5,aime24:p6:s0:seed6042
0.0005076844367843947,pattern_rolling_k2v2_s16_r128,final,next_token_JS,5,aime24:p6:s0:seed6042
0.001849232310756399,pattern_rolling_k2v2_s16_r128,final,next_token_KL,5,aime24:p6:s0:seed6042
0.006513296881166752,pattern_rolling_k2v2_s16_r128,final,target_token_NLL_delta,5,aime24:p6:s0:seed6042
0.0,pattern_rolling_k2v2_s16_r128,final,top1_disagreement,5,aime24:p6:s0:seed6042
1.4829112498555332,patternkv_paper,final,attention_output_relative_L2,5,aime24:p6:s0:seed6042
0.2811437249183655,patternkv_paper,final,hidden_cosine_loss,5,aime24:p6:s0:seed6042
1.4829112498555332,patternkv_paper,final,hidden_relative_L2,5,aime24:p6:s0:seed6042
14.408935546875,patternkv_paper,final,logit_max_abs_diff,5,aime24:p6:s0:seed6042
0.0023523216636620603,patternkv_paper,final,next_token_JS,5,aime24:p6:s0:seed6042
0.0073596028224569565,patternkv_paper,final,next_token_KL,5,aime24:p6:s0:seed6042
0.003290511594968848,patternkv_paper,final,target_token_NLL_delta,5,aime24:p6:s0:seed6042
0.0,patternkv_paper,final,top1_disagreement,5,aime24:p6:s0:seed6042
1.5334138568141498,kivi_paper_g128,final,attention_output_relative_L2,5,aime24:p6:s1:seed6043
0.29235926270484924,kivi_paper_g128,final,hidden_cosine_loss,5,aime24:p6:s1:seed6043
1.5334138568141498,kivi_paper_g128,final,hidden_relative_L2,5,aime24:p6:s1:seed6043
16.18896484375,kivi_paper_g128,final,logit_max_abs_diff,5,aime24:p6:s1:seed6043
0.24900814642446378,kivi_paper_g128,final,next_token_JS,5,aime24:p6:s1:seed6043
1.0340287320606762,kivi_paper_g128,final,next_token_KL,5,aime24:p6:s1:seed6043
0.3510661251784768,kivi_paper_g128,final,target_token_NLL_delta,5,aime24:p6:s1:seed6043
1.0,kivi_paper_g128,final,top1_disagreement,5,aime24:p6:s1:seed6043
1.5334138568141498,kivi_rolling_k2v2_s0_r128,final,attention_output_relative_L2,5,aime24:p6:s1:seed6043
0.29235926270484924,kivi_rolling_k2v2_s0_r128,final,hidden_cosine_loss,5,aime24:p6:s1:seed6043
1.5334138568141498,kivi_rolling_k2v2_s0_r128,final,hidden_relative_L2,5,aime24:p6:s1:seed6043
16.18896484375,kivi_rolling_k2v2_s0_r128,final,logit_max_abs_diff,5,aime24:p6:s1:seed6043
0.24900814642446378,kivi_rolling_k2v2_s0_r128,final,next_token_JS,5,aime24:p6:s1:seed6043
1.0340287320606762,kivi_rolling_k2v2_s0_r128,final,next_token_KL,5,aime24:p6:s1:seed6043
0.3510661251784768,kivi_rolling_k2v2_s0_r128,final,target_token_NLL_delta,5,aime24:p6:s1:seed6043
1.0,kivi_rolling_k2v2_s0_r128,final,top1_disagreement,5,aime24:p6:s1:seed6043
0.5324227206292562,kivi_rolling_k2v2_s16_r128,final,attention_output_relative_L2,5,aime24:p6:s1:seed6043
0.0485859215259552,kivi_rolling_k2v2_s16_r128,final,hidden_cosine_loss,5,aime24:p6:s1:seed6043
0.5324227206292562,kivi_rolling_k2v2_s16_r128,final,hidden_relative_L2,5,aime24:p6:s1:seed6043
6.9375,kivi_rolling_k2v2_s16_r128,final,logit_max_abs_diff,5,aime24:p6:s1:seed6043
0.007473414637408249,kivi_rolling_k2v2_s16_r128,final,next_token_JS,5,aime24:p6:s1:seed6043
0.028905556083543615,kivi_rolling_k2v2_s16_r128,final,next_token_KL,5,aime24:p6:s1:seed6043
-0.18759234227309207,kivi_rolling_k2v2_s16_r128,final,target_token_NLL_delta,5,aime24:p6:s1:seed6043
0.0,kivi_rolling_k2v2_s16_r128,final,top1_disagreement,5,aime24:p6:s1:seed6043
1.3134541358449496,pattern_rolling_k2v2_s0_r128,final,attention_output_relative_L2,5,aime24:p6:s1:seed6043
0.21943321824073792,pattern_rolling_k2v2_s0_r128,final,hidden_cosine_loss,5,aime24:p6:s1:seed6043
1.3134541358449496,pattern_rolling_k2v2_s0_r128,final,hidden_relative_L2,5,aime24:p6:s1:seed6043
12.84765625,pattern_rolling_k2v2_s0_r128,final,logit_max_abs_diff,5,aime24:p6:s1:seed6043
0.04467333950699115,pattern_rolling_k2v2_s0_r128,final,next_token_JS,5,aime24:p6:s1:seed6043
0.15980370892810924,pattern_rolling_k2v2_s0_r128,final,next_token_KL,5,aime24:p6:s1:seed6043
0.2189241963033055,pattern_rolling_k2v2_s0_r128,final,target_token_NLL_delta,5,aime24:p6:s1:seed6043
0.0,pattern_rolling_k2v2_s0_r128,final,top1_disagreement,5,aime24:p6:s1:seed6043
0.40470453834859654,pattern_rolling_k2v2_s16_r128,final,attention_output_relative_L2,5,aime24:p6:s1:seed6043
0.026136130094528198,pattern_rolling_k2v2_s16_r128,final,hidden_cosine_loss,5,aime24:p6:s1:seed6043
0.40470453834859654,pattern_rolling_k2v2_s16_r128,final,hidden_relative_L2,5,aime24:p6:s1:seed6043
4.775390625,pattern_rolling_k2v2_s16_r128,final,logit_max_abs_diff,5,aime24:p6:s1:seed6043
0.009431356592094042,pattern_rolling_k2v2_s16_r128,final,next_token_JS,5,aime24:p6:s1:seed6043
0.036369592563175956,pattern_rolling_k2v2_s16_r128,final,next_token_KL,5,aime24:p6:s1:seed6043
-0.46242149993486237,pattern_rolling_k2v2_s16_r128,final,target_token_NLL_delta,5,aime24:p6:s1:seed6043
0.0,pattern_rolling_k2v2_s16_r128,final,top1_disagreement,5,aime24:p6:s1:seed6043
1.3134541358449496,patternkv_paper,final,attention_output_relative_L2,5,aime24:p6:s1:seed6043
0.21943321824073792,patternkv_paper,final,hidden_cosine_loss,5,aime24:p6:s1:seed6043
1.3134541358449496,patternkv_paper,final,hidden_relative_L2,5,aime24:p6:s1:seed6043
12.84765625,patternkv_paper,final,logit_max_abs_diff,5,aime24:p6:s1:seed6043
0.04467333950699115,patternkv_paper,final,next_token_JS,5,aime24:p6:s1:seed6043
0.15980370892810924,patternkv_paper,final,next_token_KL,5,aime24:p6:s1:seed6043
0.2189241963033055,patternkv_paper,final,target_token_NLL_delta,5,aime24:p6:s1:seed6043
0.0,patternkv_paper,final,top1_disagreement,5,aime24:p6:s1:seed6043
