kv_type,metric,task_left,task_right,bucket,overlap,set_size,intersection_size
k,range_contraction,dureader,gsm8k,top_10pct,0.15555555555555556,26,7
k,range_contraction,dureader,gsm8k,bottom_10pct,0.10638297872340426,26,5
k,range_contraction,dureader,gsm8k,top_25pct,0.23076923076923078,64,24
k,range_contraction,dureader,gsm8k,bottom_25pct,0.16363636363636364,64,18
k,range_contraction,dureader,hotpotqa,top_10pct,0.625,26,20
k,range_contraction,dureader,hotpotqa,bottom_10pct,0.7931034482758621,26,23
k,range_contraction,dureader,hotpotqa,top_25pct,0.7534246575342466,64,55
k,range_contraction,dureader,hotpotqa,bottom_25pct,0.8028169014084507,64,57
k,range_contraction,dureader,passage_retrieval_en,top_10pct,0.6774193548387096,26,21
k,range_contraction,dureader,passage_retrieval_en,bottom_10pct,0.7931034482758621,26,23
k,range_contraction,dureader,passage_retrieval_en,top_25pct,0.7777777777777778,64,56
k,range_contraction,dureader,passage_retrieval_en,bottom_25pct,0.8028169014084507,64,57
k,range_contraction,dureader,passage_retrieval_zh,top_10pct,0.7931034482758621,26,23
k,range_contraction,dureader,passage_retrieval_zh,bottom_10pct,0.9259259259259259,26,25
k,range_contraction,dureader,passage_retrieval_zh,top_25pct,0.8285714285714286,64,58
k,range_contraction,dureader,passage_retrieval_zh,bottom_25pct,0.8823529411764706,64,60
k,range_contraction,dureader,samsum,top_10pct,0.5294117647058824,26,18
k,range_contraction,dureader,samsum,bottom_10pct,0.625,26,20
k,range_contraction,dureader,samsum,top_25pct,0.6842105263157895,64,52
k,range_contraction,dureader,samsum,bottom_25pct,0.7297297297297297,64,54
k,range_contraction,gsm8k,hotpotqa,top_10pct,0.2682926829268293,26,11
k,range_contraction,gsm8k,hotpotqa,bottom_10pct,0.08333333333333333,26,4
k,range_contraction,gsm8k,hotpotqa,top_25pct,0.24271844660194175,64,25
k,range_contraction,gsm8k,hotpotqa,bottom_25pct,0.15315315315315314,64,17
k,range_contraction,gsm8k,passage_retrieval_en,top_10pct,0.23809523809523808,26,10
k,range_contraction,gsm8k,passage_retrieval_en,bottom_10pct,0.08333333333333333,26,4
k,range_contraction,gsm8k,passage_retrieval_en,top_25pct,0.21904761904761905,64,23
k,range_contraction,gsm8k,passage_retrieval_en,bottom_25pct,0.16363636363636364,64,18
k,range_contraction,gsm8k,passage_retrieval_zh,top_10pct,0.13043478260869565,26,6
k,range_contraction,gsm8k,passage_retrieval_zh,bottom_10pct,0.10638297872340426,26,5
k,range_contraction,gsm8k,passage_retrieval_zh,top_25pct,0.23076923076923078,64,24
k,range_contraction,gsm8k,passage_retrieval_zh,bottom_25pct,0.15315315315315314,64,17
k,range_contraction,gsm8k,samsum,top_10pct,0.2682926829268293,26,11
k,range_contraction,gsm8k,samsum,bottom_10pct,0.08333333333333333,26,4
k,range_contraction,gsm8k,samsum,top_25pct,0.28,64,28
k,range_contraction,gsm8k,samsum,bottom_25pct,0.14285714285714285,64,16
k,range_contraction,hotpotqa,passage_retrieval_en,top_10pct,0.7931034482758621,26,23
k,range_contraction,hotpotqa,passage_retrieval_en,bottom_10pct,0.9259259259259259,26,25
k,range_contraction,hotpotqa,passage_retrieval_en,top_25pct,0.855072463768116,64,59
k,range_contraction,hotpotqa,passage_retrieval_en,bottom_25pct,0.9104477611940298,64,61
k,range_contraction,hotpotqa,passage_retrieval_zh,top_10pct,0.625,26,20
k,range_contraction,hotpotqa,passage_retrieval_zh,bottom_10pct,0.7931034482758621,26,23
k,range_contraction,hotpotqa,passage_retrieval_zh,top_25pct,0.7777777777777778,64,56
k,range_contraction,hotpotqa,passage_retrieval_zh,bottom_25pct,0.8028169014084507,64,57
k,range_contraction,hotpotqa,samsum,top_10pct,0.5757575757575758,26,19
k,range_contraction,hotpotqa,samsum,bottom_10pct,0.7333333333333333,26,22
k,range_contraction,hotpotqa,samsum,top_25pct,0.6410256410256411,64,50
k,range_contraction,hotpotqa,samsum,bottom_25pct,0.7066666666666667,64,53
k,range_contraction,passage_retrieval_en,passage_retrieval_zh,top_10pct,0.5757575757575758,26,19
k,range_contraction,passage_retrieval_en,passage_retrieval_zh,bottom_10pct,0.7931034482758621,26,23
k,range_contraction,passage_retrieval_en,passage_retrieval_zh,top_25pct,0.7777777777777778,64,56
k,range_contraction,passage_retrieval_en,passage_retrieval_zh,bottom_25pct,0.7777777777777778,64,56
k,range_contraction,passage_retrieval_en,samsum,top_10pct,0.5294117647058824,26,18
k,range_contraction,passage_retrieval_en,samsum,bottom_10pct,0.6774193548387096,26,21
k,range_contraction,passage_retrieval_en,samsum,top_25pct,0.6842105263157895,64,52
k,range_contraction,passage_retrieval_en,samsum,bottom_25pct,0.7297297297297297,64,54
k,range_contraction,passage_retrieval_zh,samsum,top_10pct,0.4444444444444444,26,16
k,range_contraction,passage_retrieval_zh,samsum,bottom_10pct,0.625,26,20
k,range_contraction,passage_retrieval_zh,samsum,top_25pct,0.6623376623376623,64,51
k,range_contraction,passage_retrieval_zh,samsum,bottom_25pct,0.6842105263157895,64,52
k,relative_benefit,dureader,gsm8k,top_10pct,0.13043478260869565,26,6
k,relative_benefit,dureader,gsm8k,bottom_10pct,0.10638297872340426,26,5
k,relative_benefit,dureader,gsm8k,top_25pct,0.3333333333333333,64,32
k,relative_benefit,dureader,gsm8k,bottom_25pct,0.2549019607843137,64,26
k,relative_benefit,dureader,hotpotqa,top_10pct,0.7333333333333333,26,22
k,relative_benefit,dureader,hotpotqa,bottom_10pct,0.4444444444444444,26,16
k,relative_benefit,dureader,hotpotqa,top_25pct,0.7297297297297297,64,54
k,relative_benefit,dureader,hotpotqa,bottom_25pct,0.7066666666666667,64,53
k,relative_benefit,dureader,passage_retrieval_en,top_10pct,0.625,26,20
k,relative_benefit,dureader,passage_retrieval_en,bottom_10pct,0.5294117647058824,26,18
k,relative_benefit,dureader,passage_retrieval_en,top_25pct,0.6,64,48
k,relative_benefit,dureader,passage_retrieval_en,bottom_25pct,0.7297297297297297,64,54
k,relative_benefit,dureader,passage_retrieval_zh,top_10pct,0.7333333333333333,26,22
k,relative_benefit,dureader,passage_retrieval_zh,bottom_10pct,0.4857142857142857,26,17
k,relative_benefit,dureader,passage_retrieval_zh,top_25pct,0.6842105263157895,64,52
k,relative_benefit,dureader,passage_retrieval_zh,bottom_25pct,0.6410256410256411,64,50
k,relative_benefit,dureader,samsum,top_10pct,0.5294117647058824,26,18
k,relative_benefit,dureader,samsum,bottom_10pct,0.3684210526315789,26,14
k,relative_benefit,dureader,samsum,top_25pct,0.47126436781609193,64,41
k,relative_benefit,dureader,samsum,bottom_25pct,0.5802469135802469,64,47
k,relative_benefit,gsm8k,hotpotqa,top_10pct,0.10638297872340426,26,5
k,relative_benefit,gsm8k,hotpotqa,bottom_10pct,0.15555555555555556,26,7
k,relative_benefit,gsm8k,hotpotqa,top_25pct,0.3473684210526316,64,33
k,relative_benefit,gsm8k,hotpotqa,bottom_25pct,0.29292929292929293,64,29
k,relative_benefit,gsm8k,passage_retrieval_en,top_10pct,0.13043478260869565,26,6
k,relative_benefit,gsm8k,passage_retrieval_en,bottom_10pct,0.10638297872340426,26,5
k,relative_benefit,gsm8k,passage_retrieval_en,top_25pct,0.29292929292929293,64,29
k,relative_benefit,gsm8k,passage_retrieval_en,bottom_25pct,0.28,64,28
k,relative_benefit,gsm8k,passage_retrieval_zh,top_10pct,0.20930232558139536,26,9
k,relative_benefit,gsm8k,passage_retrieval_zh,bottom_10pct,0.18181818181818182,26,8
k,relative_benefit,gsm8k,passage_retrieval_zh,top_25pct,0.391304347826087,64,36
k,relative_benefit,gsm8k,passage_retrieval_zh,bottom_25pct,0.3763440860215054,64,35
k,relative_benefit,gsm8k,samsum,top_10pct,0.08333333333333333,26,4
k,relative_benefit,gsm8k,samsum,bottom_10pct,0.20930232558139536,26,9
k,relative_benefit,gsm8k,samsum,top_25pct,0.2549019607843137,64,26
k,relative_benefit,gsm8k,samsum,bottom_25pct,0.3333333333333333,64,32
k,relative_benefit,hotpotqa,passage_retrieval_en,top_10pct,0.6774193548387096,26,21
k,relative_benefit,hotpotqa,passage_retrieval_en,bottom_10pct,0.625,26,20
k,relative_benefit,hotpotqa,passage_retrieval_en,top_25pct,0.5802469135802469,64,47
k,relative_benefit,hotpotqa,passage_retrieval_en,bottom_25pct,0.7777777777777778,64,56
k,relative_benefit,hotpotqa,passage_retrieval_zh,top_10pct,0.625,26,20
k,relative_benefit,hotpotqa,passage_retrieval_zh,bottom_10pct,0.40540540540540543,26,15
k,relative_benefit,hotpotqa,passage_retrieval_zh,top_25pct,0.620253164556962,64,49
k,relative_benefit,hotpotqa,passage_retrieval_zh,bottom_25pct,0.6,64,48
k,relative_benefit,hotpotqa,samsum,top_10pct,0.625,26,20
k,relative_benefit,hotpotqa,samsum,bottom_10pct,0.5757575757575758,26,19
k,relative_benefit,hotpotqa,samsum,top_25pct,0.5058823529411764,64,43
k,relative_benefit,hotpotqa,samsum,bottom_25pct,0.6410256410256411,64,50
k,relative_benefit,passage_retrieval_en,passage_retrieval_zh,top_10pct,0.7333333333333333,26,22
k,relative_benefit,passage_retrieval_en,passage_retrieval_zh,bottom_10pct,0.4857142857142857,26,17
k,relative_benefit,passage_retrieval_en,passage_retrieval_zh,top_25pct,0.5421686746987951,64,45
k,relative_benefit,passage_retrieval_en,passage_retrieval_zh,bottom_25pct,0.6,64,48
k,relative_benefit,passage_retrieval_en,samsum,top_10pct,0.625,26,20
k,relative_benefit,passage_retrieval_en,samsum,bottom_10pct,0.4444444444444444,26,16
k,relative_benefit,passage_retrieval_en,samsum,top_25pct,0.5058823529411764,64,43
k,relative_benefit,passage_retrieval_en,samsum,bottom_25pct,0.6,64,48
k,relative_benefit,passage_retrieval_zh,samsum,top_10pct,0.4857142857142857,26,17
k,relative_benefit,passage_retrieval_zh,samsum,bottom_10pct,0.3333333333333333,26,13
k,relative_benefit,passage_retrieval_zh,samsum,top_25pct,0.4883720930232558,64,42
k,relative_benefit,passage_retrieval_zh,samsum,bottom_25pct,0.5238095238095238,64,44
v,relative_benefit,dureader,gsm8k,top_10pct,0.3333333333333333,6,3
v,relative_benefit,dureader,gsm8k,bottom_10pct,0.0,6,0
v,relative_benefit,dureader,gsm8k,top_25pct,0.21739130434782608,14,5
v,relative_benefit,dureader,gsm8k,bottom_25pct,0.037037037037037035,14,1
v,relative_benefit,dureader,hotpotqa,top_10pct,1.0,6,6
v,relative_benefit,dureader,hotpotqa,bottom_10pct,0.0,6,0
v,relative_benefit,dureader,hotpotqa,top_25pct,0.4,14,8
v,relative_benefit,dureader,hotpotqa,bottom_25pct,0.3333333333333333,14,7
v,relative_benefit,dureader,passage_retrieval_en,top_10pct,1.0,6,6
v,relative_benefit,dureader,passage_retrieval_en,bottom_10pct,0.3333333333333333,6,3
v,relative_benefit,dureader,passage_retrieval_en,top_25pct,0.6470588235294118,14,11
v,relative_benefit,dureader,passage_retrieval_en,bottom_25pct,0.6470588235294118,14,11
v,relative_benefit,dureader,passage_retrieval_zh,top_10pct,1.0,6,6
v,relative_benefit,dureader,passage_retrieval_zh,bottom_10pct,0.5,6,4
v,relative_benefit,dureader,passage_retrieval_zh,top_25pct,0.6470588235294118,14,11
v,relative_benefit,dureader,passage_retrieval_zh,bottom_25pct,0.47368421052631576,14,9
v,relative_benefit,dureader,samsum,top_10pct,0.7142857142857143,6,5
v,relative_benefit,dureader,samsum,bottom_10pct,0.0,6,0
v,relative_benefit,dureader,samsum,top_25pct,0.2727272727272727,14,6
v,relative_benefit,dureader,samsum,bottom_25pct,0.07692307692307693,14,2
v,relative_benefit,gsm8k,hotpotqa,top_10pct,0.3,26,12
v,relative_benefit,gsm8k,hotpotqa,bottom_10pct,0.18181818181818182,26,8
v,relative_benefit,gsm8k,hotpotqa,top_25pct,0.43820224719101125,64,39
v,relative_benefit,gsm8k,hotpotqa,bottom_25pct,0.20754716981132076,64,22
v,relative_benefit,gsm8k,passage_retrieval_en,top_10pct,0.2682926829268293,26,11
v,relative_benefit,gsm8k,passage_retrieval_en,bottom_10pct,0.061224489795918366,26,3
v,relative_benefit,gsm8k,passage_retrieval_en,top_25pct,0.20202020202020202,64,20
v,relative_benefit,gsm8k,passage_retrieval_en,bottom_25pct,0.09174311926605505,64,10
v,relative_benefit,gsm8k,passage_retrieval_zh,top_10pct,0.3,26,12
v,relative_benefit,gsm8k,passage_retrieval_zh,bottom_10pct,0.061224489795918366,26,3
v,relative_benefit,gsm8k,passage_retrieval_zh,top_25pct,0.3333333333333333,64,32
v,relative_benefit,gsm8k,passage_retrieval_zh,bottom_25pct,0.12280701754385964,64,14
v,relative_benefit,gsm8k,samsum,top_10pct,0.2682926829268293,26,11
v,relative_benefit,gsm8k,samsum,bottom_10pct,0.20930232558139536,26,9
v,relative_benefit,gsm8k,samsum,top_25pct,0.43820224719101125,64,39
v,relative_benefit,gsm8k,samsum,bottom_25pct,0.28,64,28
v,relative_benefit,hotpotqa,passage_retrieval_en,top_10pct,0.42857142857142855,15,9
v,relative_benefit,hotpotqa,passage_retrieval_en,bottom_10pct,0.30434782608695654,15,7
v,relative_benefit,hotpotqa,passage_retrieval_en,top_25pct,0.38461538461538464,36,20
v,relative_benefit,hotpotqa,passage_retrieval_en,bottom_25pct,0.3090909090909091,36,17
v,relative_benefit,hotpotqa,passage_retrieval_zh,top_10pct,0.42857142857142855,15,9
v,relative_benefit,hotpotqa,passage_retrieval_zh,bottom_10pct,0.30434782608695654,15,7
v,relative_benefit,hotpotqa,passage_retrieval_zh,top_25pct,0.5652173913043478,36,26
v,relative_benefit,hotpotqa,passage_retrieval_zh,bottom_25pct,0.38461538461538464,36,20
v,relative_benefit,hotpotqa,samsum,top_10pct,0.30434782608695654,15,7
v,relative_benefit,hotpotqa,samsum,bottom_10pct,0.15384615384615385,15,4
v,relative_benefit,hotpotqa,samsum,top_25pct,0.4117647058823529,36,21
v,relative_benefit,hotpotqa,samsum,bottom_25pct,0.3333333333333333,36,18
v,relative_benefit,passage_retrieval_en,passage_retrieval_zh,top_10pct,1.0,6,6
v,relative_benefit,passage_retrieval_en,passage_retrieval_zh,bottom_10pct,0.3333333333333333,6,3
v,relative_benefit,passage_retrieval_en,passage_retrieval_zh,top_25pct,0.47368421052631576,14,9
v,relative_benefit,passage_retrieval_en,passage_retrieval_zh,bottom_25pct,0.47368421052631576,14,9
v,relative_benefit,passage_retrieval_en,samsum,top_10pct,0.7142857142857143,6,5
v,relative_benefit,passage_retrieval_en,samsum,bottom_10pct,0.09090909090909091,6,1
v,relative_benefit,passage_retrieval_en,samsum,top_25pct,0.2727272727272727,14,6
v,relative_benefit,passage_retrieval_en,samsum,bottom_25pct,0.07692307692307693,14,2
v,relative_benefit,passage_retrieval_zh,samsum,top_10pct,0.5,9,6
v,relative_benefit,passage_retrieval_zh,samsum,bottom_10pct,0.0,9,0
v,relative_benefit,passage_retrieval_zh,samsum,top_25pct,0.375,22,12
v,relative_benefit,passage_retrieval_zh,samsum,bottom_25pct,0.2222222222222222,22,8
v,relative_candidate_benefit,dureader,gsm8k,top_10pct,0.4444444444444444,26,16
v,relative_candidate_benefit,dureader,gsm8k,bottom_10pct,0.3684210526315789,26,14
v,relative_candidate_benefit,dureader,gsm8k,top_25pct,0.5609756097560976,64,46
v,relative_candidate_benefit,dureader,gsm8k,bottom_25pct,0.5802469135802469,64,47
v,relative_candidate_benefit,dureader,hotpotqa,top_10pct,0.7333333333333333,26,22
v,relative_candidate_benefit,dureader,hotpotqa,bottom_10pct,0.4444444444444444,26,16
v,relative_candidate_benefit,dureader,hotpotqa,top_25pct,0.7777777777777778,64,56
v,relative_candidate_benefit,dureader,hotpotqa,bottom_25pct,0.6842105263157895,64,52
v,relative_candidate_benefit,dureader,passage_retrieval_en,top_10pct,0.5294117647058824,26,18
v,relative_candidate_benefit,dureader,passage_retrieval_en,bottom_10pct,0.4857142857142857,26,17
v,relative_candidate_benefit,dureader,passage_retrieval_en,top_25pct,0.6410256410256411,64,50
v,relative_candidate_benefit,dureader,passage_retrieval_en,bottom_25pct,0.620253164556962,64,49
v,relative_candidate_benefit,dureader,passage_retrieval_zh,top_10pct,0.5757575757575758,26,19
v,relative_candidate_benefit,dureader,passage_retrieval_zh,bottom_10pct,0.4857142857142857,26,17
v,relative_candidate_benefit,dureader,passage_retrieval_zh,top_25pct,0.6623376623376623,64,51
v,relative_candidate_benefit,dureader,passage_retrieval_zh,bottom_25pct,0.620253164556962,64,49
v,relative_candidate_benefit,dureader,samsum,top_10pct,0.5294117647058824,26,18
v,relative_candidate_benefit,dureader,samsum,bottom_10pct,0.4444444444444444,26,16
v,relative_candidate_benefit,dureader,samsum,top_25pct,0.6410256410256411,64,50
v,relative_candidate_benefit,dureader,samsum,bottom_25pct,0.6,64,48
v,relative_candidate_benefit,gsm8k,hotpotqa,top_10pct,0.5294117647058824,26,18
v,relative_candidate_benefit,gsm8k,hotpotqa,bottom_10pct,0.625,26,20
v,relative_candidate_benefit,gsm8k,hotpotqa,top_25pct,0.6410256410256411,64,50
v,relative_candidate_benefit,gsm8k,hotpotqa,bottom_25pct,0.5802469135802469,64,47
v,relative_candidate_benefit,gsm8k,passage_retrieval_en,top_10pct,0.3684210526315789,26,14
v,relative_candidate_benefit,gsm8k,passage_retrieval_en,bottom_10pct,0.23809523809523808,26,10
v,relative_candidate_benefit,gsm8k,passage_retrieval_en,top_25pct,0.5238095238095238,64,44
v,relative_candidate_benefit,gsm8k,passage_retrieval_en,bottom_25pct,0.4222222222222222,64,38
v,relative_candidate_benefit,gsm8k,passage_retrieval_zh,top_10pct,0.5294117647058824,26,18
v,relative_candidate_benefit,gsm8k,passage_retrieval_zh,bottom_10pct,0.5757575757575758,26,19
v,relative_candidate_benefit,gsm8k,passage_retrieval_zh,top_25pct,0.7534246575342466,64,55
v,relative_candidate_benefit,gsm8k,passage_retrieval_zh,bottom_25pct,0.7534246575342466,64,55
v,relative_candidate_benefit,gsm8k,samsum,top_10pct,0.5757575757575758,26,19
v,relative_candidate_benefit,gsm8k,samsum,bottom_10pct,0.5294117647058824,26,18
v,relative_candidate_benefit,gsm8k,samsum,top_25pct,0.7777777777777778,64,56
v,relative_candidate_benefit,gsm8k,samsum,bottom_25pct,0.6842105263157895,64,52
v,relative_candidate_benefit,hotpotqa,passage_retrieval_en,top_10pct,0.5757575757575758,26,19
v,relative_candidate_benefit,hotpotqa,passage_retrieval_en,bottom_10pct,0.4444444444444444,26,16
v,relative_candidate_benefit,hotpotqa,passage_retrieval_en,top_25pct,0.6842105263157895,64,52
v,relative_candidate_benefit,hotpotqa,passage_retrieval_en,bottom_25pct,0.6842105263157895,64,52
v,relative_candidate_benefit,hotpotqa,passage_retrieval_zh,top_10pct,0.7333333333333333,26,22
v,relative_candidate_benefit,hotpotqa,passage_retrieval_zh,bottom_10pct,0.625,26,20
v,relative_candidate_benefit,hotpotqa,passage_retrieval_zh,top_25pct,0.7066666666666667,64,53
v,relative_candidate_benefit,hotpotqa,passage_retrieval_zh,bottom_25pct,0.6410256410256411,64,50
v,relative_candidate_benefit,hotpotqa,samsum,top_10pct,0.5757575757575758,26,19
v,relative_candidate_benefit,hotpotqa,samsum,bottom_10pct,0.6774193548387096,26,21
v,relative_candidate_benefit,hotpotqa,samsum,top_25pct,0.6842105263157895,64,52
v,relative_candidate_benefit,hotpotqa,samsum,bottom_25pct,0.6842105263157895,64,52
v,relative_candidate_benefit,passage_retrieval_en,passage_retrieval_zh,top_10pct,0.4857142857142857,26,17
v,relative_candidate_benefit,passage_retrieval_en,passage_retrieval_zh,bottom_10pct,0.3684210526315789,26,14
v,relative_candidate_benefit,passage_retrieval_en,passage_retrieval_zh,top_25pct,0.5421686746987951,64,45
v,relative_candidate_benefit,passage_retrieval_en,passage_retrieval_zh,bottom_25pct,0.45454545454545453,64,40
v,relative_candidate_benefit,passage_retrieval_en,samsum,top_10pct,0.40540540540540543,26,15
v,relative_candidate_benefit,passage_retrieval_en,samsum,bottom_10pct,0.3684210526315789,26,14
v,relative_candidate_benefit,passage_retrieval_en,samsum,top_25pct,0.5421686746987951,64,45
v,relative_candidate_benefit,passage_retrieval_en,samsum,bottom_25pct,0.45454545454545453,64,40
v,relative_candidate_benefit,passage_retrieval_zh,samsum,top_10pct,0.625,26,20
v,relative_candidate_benefit,passage_retrieval_zh,samsum,bottom_10pct,0.6774193548387096,26,21
v,relative_candidate_benefit,passage_retrieval_zh,samsum,top_25pct,0.8823529411764706,64,60
v,relative_candidate_benefit,passage_retrieval_zh,samsum,bottom_25pct,0.8028169014084507,64,57
