kv_type,metric,layer,kv_head,count,contrib,weighted_mean
k,range_contraction,0,0,3241,1882.4764618175252,0.5808319845163608
k,range_contraction,0,1,3241,2600.619679082781,0.8024127365266218
k,range_contraction,0,2,3241,2453.5960279463843,0.7570490675551942
k,range_contraction,0,3,3241,2507.2494634488016,0.7736036604285103
k,range_contraction,0,4,3241,2532.2210573740986,0.7813085644474231
k,range_contraction,0,5,3241,2314.690629701665,0.7141902590872153
k,range_contraction,0,6,3241,2491.3091521158753,0.7686853292551297
k,range_contraction,0,7,3241,2779.052629442157,0.8574676425307488
k,range_contraction,1,0,3241,2505.52312075336,0.7730710030093676
k,range_contraction,1,1,3241,2225.742028208867,0.6867454576392678
k,range_contraction,1,2,3241,1778.8780700450577,0.548867037965152
k,range_contraction,1,3,3241,2384.294275808766,0.7356662375219889
k,range_contraction,1,4,3241,2336.642767799885,0.7209635198395202
k,range_contraction,1,5,3241,2467.655805038466,0.7613871660100173
k,range_contraction,1,6,3241,2282.5685645932767,0.7042791004607457
k,range_contraction,1,7,3241,2616.1764285833183,0.8072127209451769
k,range_contraction,2,0,3241,1829.5275713838334,0.5644947767305873
k,range_contraction,2,1,3241,1420.862904067933,0.4384026239024785
k,range_contraction,2,2,3241,2095.419169688466,0.6465347638656174
k,range_contraction,2,3,3241,1749.878599704263,0.5399193457896523
k,range_contraction,2,4,3241,2019.8511102725088,0.6232184851195646
k,range_contraction,2,5,3241,2671.7807992144108,0.8243692685018238
k,range_contraction,2,6,3241,1758.2721848765682,0.5425091591720359
k,range_contraction,2,7,3241,1582.4476391888525,0.48825906793855367
k,range_contraction,3,0,3241,1758.7349519467077,0.5426519444451428
k,range_contraction,3,1,3241,2439.796789209621,0.7527913573618084
k,range_contraction,3,2,3241,1741.7275546680196,0.5374043673767416
k,range_contraction,3,3,3241,1748.4272577399413,0.5394715389509229
k,range_contraction,3,4,3241,1288.1706901322125,0.3974608732280816
k,range_contraction,3,5,3241,1632.948517261137,0.5038409494789069
k,range_contraction,3,6,3241,2101.0413902784953,0.6482694817273975
k,range_contraction,3,7,3241,1454.2921155616007,0.4487170982911449
k,range_contraction,4,0,3241,2317.531780464611,0.7150668869066988
k,range_contraction,4,1,3241,2010.2440331266832,0.6202542527388717
k,range_contraction,4,2,3241,1955.847906845741,0.6034705050434251
k,range_contraction,4,3,3241,1684.8194429146304,0.5198455547407067
k,range_contraction,4,4,3241,1802.0932020290902,0.5560299913696668
k,range_contraction,4,5,3241,1783.5918508764255,0.5503214596965212
k,range_contraction,4,6,3241,1809.3506826757778,0.5582692633988824
k,range_contraction,4,7,3241,2106.478620714116,0.6499471214792089
k,range_contraction,5,0,3241,1663.7055568928276,0.513330933937929
k,range_contraction,5,1,3241,1801.0315683324234,0.5557024277483565
k,range_contraction,5,2,3241,2656.018296660559,0.8195057996484292
k,range_contraction,5,3,3241,1848.6580826534848,0.5703974337098071
k,range_contraction,5,4,3241,2088.9953855457775,0.6445527261788885
k,range_contraction,5,5,3241,1879.4437465886936,0.5798962501045027
k,range_contraction,5,6,3241,1492.1901625756568,0.46041041733281607
k,range_contraction,5,7,3241,1956.2651253463732,0.6035992364536789
k,range_contraction,6,0,3241,1940.2581341929279,0.5986603314387312
k,range_contraction,6,1,3241,1814.9408783614144,0.5599941000806585
k,range_contraction,6,2,3241,2102.0489663939366,0.6485803660579872
k,range_contraction,6,3,3241,2202.04188867641,0.6794328567344677
k,range_contraction,6,4,3241,1865.183649082897,0.5754963434381046
k,range_contraction,6,5,3241,1903.210271768447,0.5872293340846797
k,range_contraction,6,6,3241,1846.6476050241424,0.5697771073817163
k,range_contraction,6,7,3241,2128.0209410107836,0.6565939342828706
k,range_contraction,7,0,3241,1695.2563893261424,0.5230658405819631
k,range_contraction,7,1,3241,1601.6914483797675,0.4941966826225756
k,range_contraction,7,2,3241,1682.3016920648608,0.5190687109117127
k,range_contraction,7,3,3241,1746.850345944488,0.538984987949549
k,range_contraction,7,4,3241,1562.5882756009773,0.4821315259490828
k,range_contraction,7,5,3241,1757.4867614154996,0.5422668193198086
k,range_contraction,7,6,3241,1948.068039537065,0.6010700523101096
k,range_contraction,7,7,3241,1580.327236213164,0.4876048245026733
k,range_contraction,8,0,3241,2124.1391321967,0.6553962148092255
k,range_contraction,8,1,3241,2114.4971992503206,0.6524212277847333
k,range_contraction,8,2,3241,1951.4427399795609,0.6021113051464242
k,range_contraction,8,3,3241,1662.538543300869,0.5129708556929555
k,range_contraction,8,4,3241,1578.0506226196592,0.48690238278915743
k,range_contraction,8,5,3241,1861.1703400001538,0.5742580499846202
k,range_contraction,8,6,3241,2073.305781159115,0.6397117498176844
k,range_contraction,8,7,3241,2473.1753168897285,0.7630901934247851
k,range_contraction,9,0,3241,2000.662644649442,0.6172979465132497
k,range_contraction,9,1,3241,1639.241566016311,0.5057826491873838
k,range_contraction,9,2,3241,1743.4184704946751,0.5379260939508408
k,range_contraction,9,3,3241,2239.413080786139,0.69096361641041
k,range_contraction,9,4,3241,1754.647293728417,0.541390710807904
k,range_contraction,9,5,3241,2208.9251682769045,0.6815566702489677
k,range_contraction,9,6,3241,2059.863212579564,0.635564089040285
k,range_contraction,9,7,3241,2081.874523711761,0.6423556074396054
k,range_contraction,10,0,3241,1923.7832057212552,0.5935770458874592
k,range_contraction,10,1,3241,1679.599385191685,0.5182349229224577
k,range_contraction,10,2,3241,2312.1777823218536,0.7134149282079153
k,range_contraction,10,3,3241,2315.5770731251987,0.7144637683200242
k,range_contraction,10,4,3241,2259.593443449032,0.6971902016195717
k,range_contraction,10,5,3241,1775.6740916211204,0.5478784608519347
k,range_contraction,10,6,3241,2112.21622060613,0.6517174392490372
k,range_contraction,10,7,3241,2025.7177859565265,0.6250286288048523
k,range_contraction,11,0,3241,1739.7250025533178,0.5367864864403943
k,range_contraction,11,1,3241,2277.17929831119,0.7026162598923759
k,range_contraction,11,2,3241,1723.791757521857,0.5318703355513289
k,range_contraction,11,3,3241,1999.2982525169828,0.6168769677621051
k,range_contraction,11,4,3241,1674.3853238887489,0.516626141280083
k,range_contraction,11,5,3241,1691.1292876005668,0.5217924367789469
k,range_contraction,11,6,3241,1809.719685220408,0.5583831179328628
k,range_contraction,11,7,3241,1925.5684260797912,0.594127869817893
k,range_contraction,12,0,3241,1713.9157966332502,0.5288231399670628
k,range_contraction,12,1,3241,1414.3371778254757,0.43638913231270465
k,range_contraction,12,2,3241,1504.66656289796,0.4642599700394816
k,range_contraction,12,3,3241,1789.4883902172949,0.5521408177159194
k,range_contraction,12,4,3241,1793.4603304247098,0.553366346937584
k,range_contraction,12,5,3241,1561.2562525117878,0.4817205345608725
k,range_contraction,12,6,3241,1849.6502417261863,0.5707035611620446
k,range_contraction,12,7,3241,1603.5768674681717,0.49477842254494653
k,range_contraction,13,0,3241,2159.019904595523,0.6661585635901027
k,range_contraction,13,1,3241,1884.9505411174305,0.5815953536308024
k,range_contraction,13,2,3241,2356.8114594023987,0.7271865039809932
k,range_contraction,13,3,3241,2272.9370567984083,0.7013073300828165
k,range_contraction,13,4,3241,2085.486383960543,0.6434700351621546
k,range_contraction,13,5,3241,2177.2017249641044,0.6717685050799458
k,range_contraction,13,6,3241,1657.998474822825,0.5115700323427415
k,range_contraction,13,7,3241,1525.335209546614,0.4706372136830034
k,range_contraction,14,0,3241,1875.5925176307285,0.5787079659459206
k,range_contraction,14,1,3241,2019.3217698786566,0.6230551588641334
k,range_contraction,14,2,3241,1948.367508375802,0.6011624524454804
k,range_contraction,14,3,3241,1956.2769318021487,0.6036028792971764
k,range_contraction,14,4,3241,1783.9565923455825,0.5504339994895349
k,range_contraction,14,5,3241,2287.923316742116,0.7059312918056514
k,range_contraction,14,6,3241,2002.739675892183,0.6179388077421114
k,range_contraction,14,7,3241,2135.607730672135,0.6589348135366044
k,range_contraction,15,0,3241,2027.3489209769632,0.6255319102057894
k,range_contraction,15,1,3241,1746.098617721624,0.5387530446533859
k,range_contraction,15,2,3241,1980.3308561984613,0.6110246393700899
k,range_contraction,15,3,3241,2133.7533536337946,0.6583626515377337
k,range_contraction,15,4,3241,2140.8506708915324,0.6605525056746475
k,range_contraction,15,5,3241,1931.4212356500125,0.5959337351589055
k,range_contraction,15,6,3241,1941.444438083374,0.5990263616425098
k,range_contraction,15,7,3241,2163.524518239029,0.6675484474665316
k,range_contraction,16,0,3241,2045.900948047058,0.6312560777682993
k,range_contraction,16,1,3241,1433.3113564387795,0.44224355335969745
k,range_contraction,16,2,3241,2225.1467379788087,0.6865617827765531
k,range_contraction,16,3,3241,1448.3638023789536,0.44688793655629544
k,range_contraction,16,4,3241,1957.9946168229526,0.6041328654189918
k,range_contraction,16,5,3241,2012.2525776991863,0.6208739826285672
k,range_contraction,16,6,3241,2343.029684235188,0.722934182115146
k,range_contraction,16,7,3241,1715.6985372479705,0.5293731987806142
k,range_contraction,17,0,3241,2006.3711957322091,0.6190593013675437
k,range_contraction,17,1,3241,1699.5319856062742,0.5243850618964129
k,range_contraction,17,2,3241,1940.8890900812846,0.5988550108242162
k,range_contraction,17,3,3241,1515.723127945294,0.46767143719385806
k,range_contraction,17,4,3241,1667.9654772690762,0.5146453185032632
k,range_contraction,17,5,3241,1781.7010958399987,0.5497380733847574
k,range_contraction,17,6,3241,2181.7110639664506,0.673159846950463
k,range_contraction,17,7,3241,2048.404854074138,0.6320286498223195
k,range_contraction,18,0,3241,1779.7553996964018,0.5491377351732187
k,range_contraction,18,1,3241,1951.9019694013164,0.6022529988896379
k,range_contraction,18,2,3241,1910.80599431327,0.5895729695505307
k,range_contraction,18,3,3241,1550.9408594710317,0.47853775361648615
k,range_contraction,18,4,3241,2094.676930391775,0.6463057483467372
k,range_contraction,18,5,3241,2207.4133028235433,0.6810901890847094
k,range_contraction,18,6,3241,1622.7495407896142,0.5006940884880019
k,range_contraction,18,7,3241,1723.3232560966032,0.5317257809616178
k,range_contraction,19,0,3241,1990.8219689687387,0.6142616380650228
k,range_contraction,19,1,3241,1634.4138868376958,0.5042930844917297
k,range_contraction,19,2,3241,1691.1520416387962,0.5217994574633743
k,range_contraction,19,3,3241,1966.0192323054528,0.6066088344046445
k,range_contraction,19,4,3241,1813.2699816018596,0.5594785503245479
k,range_contraction,19,5,3241,1719.1821318326636,0.5304480505500351
k,range_contraction,19,6,3241,1765.3020536189163,0.5446782022890825
k,range_contraction,19,7,3241,1577.2914183075463,0.4866681327699927
k,range_contraction,20,0,3241,2519.3670945905037,0.7773425160723554
k,range_contraction,20,1,3241,1480.3267122787859,0.45674998836124214
k,range_contraction,20,2,3241,1598.7387602224849,0.49328564030314254
k,range_contraction,20,3,3241,2210.5568776386317,0.6820601288610403
k,range_contraction,20,4,3241,1523.0284740773297,0.46992547796276757
k,range_contraction,20,5,3241,1731.3324954746909,0.5341970057003057
k,range_contraction,20,6,3241,2177.053106631516,0.6717226493772034
k,range_contraction,20,7,3241,1762.8785734957812,0.5439304453859245
k,range_contraction,21,0,3241,1890.029511433296,0.5831624533888602
k,range_contraction,21,1,3241,2100.0456630815843,0.64796225334205
k,range_contraction,21,2,3241,1580.2114738499947,0.4875691064023433
k,range_contraction,21,3,3241,1990.7224241216657,0.6142309238264936
k,range_contraction,21,4,3241,1844.2499751116281,0.5690373264768985
k,range_contraction,21,5,3241,1861.0780300187232,0.5742295680403342
k,range_contraction,21,6,3241,1704.4420530944585,0.5259000472367968
k,range_contraction,21,7,3241,2200.228095663647,0.6788732168045809
k,range_contraction,22,0,3241,2282.54810000536,0.7042727861787597
k,range_contraction,22,1,3241,1514.3810854315957,0.4672573543448305
k,range_contraction,22,2,3241,1901.4793897497873,0.5866952760721343
k,range_contraction,22,3,3241,2194.3789454933685,0.677068480559509
k,range_contraction,22,4,3241,1592.1156325924271,0.49124209583228234
k,range_contraction,22,5,3241,1880.5211666460514,0.5802286845560171
k,range_contraction,22,6,3241,1535.5198288206445,0.4737796448073572
k,range_contraction,22,7,3241,2124.0269053269317,0.6553615875738759
k,range_contraction,23,0,3241,1259.111072408475,0.38849462277336466
k,range_contraction,23,1,3241,2113.3358289611474,0.6520628907624645
k,range_contraction,23,2,3241,1393.0894763109513,0.42983322317523953
k,range_contraction,23,3,3241,2286.139758946378,0.7053809808535569
k,range_contraction,23,4,3241,1398.2892750432923,0.43143760414788407
k,range_contraction,23,5,3241,1919.010094515272,0.5921043179621327
k,range_contraction,23,6,3241,1820.3704103019759,0.5616693644868793
k,range_contraction,23,7,3241,2171.1060596979787,0.6698877074044982
k,range_contraction,24,0,3241,1383.3065604888898,0.4268147363433785
k,range_contraction,24,1,3241,1440.4744522869603,0.44445370326657213
k,range_contraction,24,2,3241,1495.8258681079624,0.46153220243997606
k,range_contraction,24,3,3241,1328.193970023298,0.4098099259559698
k,range_contraction,24,4,3241,2445.0930116244003,0.754425489547794
k,range_contraction,24,5,3241,2220.555972893975,0.68514531715334
k,range_contraction,24,6,3241,2157.806082887507,0.6657840428532881
k,range_contraction,24,7,3241,1662.8717315993495,0.5130736598578678
k,range_contraction,25,0,3241,1548.2676167098218,0.4777129332643696
k,range_contraction,25,1,3241,2433.932079990011,0.7509818204227124
k,range_contraction,25,2,3241,1389.3215845104742,0.4286706524253237
k,range_contraction,25,3,3241,2514.4533573866515,0.7758263984531476
k,range_contraction,25,4,3241,1380.6353802377596,0.4259905523720332
k,range_contraction,25,5,3241,1392.8458885553123,0.4297580649661562
k,range_contraction,25,6,3241,1564.9417610398386,0.4828576862202526
k,range_contraction,25,7,3241,1568.462539507808,0.48394401095581857
k,range_contraction,26,0,3241,1584.3443735729438,0.4888442991585757
k,range_contraction,26,1,3241,1423.0648617844631,0.43908203078817126
k,range_contraction,26,2,3241,1521.8931932253645,0.4695751907514238
k,range_contraction,26,3,3241,2379.8075487941005,0.7342818725066648
k,range_contraction,26,4,3241,1664.9550641028666,0.5137164653202303
k,range_contraction,26,5,3241,1369.3500826605268,0.42250851054011934
k,range_contraction,26,6,3241,1388.7264176925382,0.42848701564101765
k,range_contraction,26,7,3241,2119.225550568537,0.6538801451923903
k,range_contraction,27,0,3241,1632.6173091682913,0.5037387562999973
k,range_contraction,27,1,3241,2558.292907556749,0.7893529489530234
k,range_contraction,27,2,3241,1977.2598234072966,0.6100770821991042
k,range_contraction,27,3,3241,1637.9354268834047,0.5053796442096281
k,range_contraction,27,4,3241,1541.8260810554868,0.4757254184065063
k,range_contraction,27,5,3241,2254.795031708959,0.6957096672968093
k,range_contraction,27,6,3241,1686.9506071512023,0.520503118528603
k,range_contraction,27,7,3241,1759.2912785129388,0.5428235971962169
k,range_contraction,28,0,3241,1776.0845619655402,0.5480051101405554
k,range_contraction,28,1,3241,1442.5283835796633,0.4450874370810439
k,range_contraction,28,2,3241,1487.5017565310436,0.4589638249093007
k,range_contraction,28,3,3241,1788.8509046579898,0.5519441236217185
k,range_contraction,28,4,3241,1357.4889537286876,0.4188487978181696
k,range_contraction,28,5,3241,1325.876442492166,0.40909486038018084
k,range_contraction,28,6,3241,1971.4764827315016,0.6082926512593341
k,range_contraction,28,7,3241,1504.0582895518946,0.4640722892785852
k,range_contraction,29,0,3241,1508.3205409256948,0.46538739306562626
k,range_contraction,29,1,3241,1488.0123081447362,0.4591213539477742
k,range_contraction,29,2,3241,1602.6974687456018,0.4945070869316883
k,range_contraction,29,3,3241,1503.201617060558,0.4638079657699963
k,range_contraction,29,4,3241,1300.2061921729369,0.4011743882051641
k,range_contraction,29,5,3241,1856.138571092806,0.5727055140675119
k,range_contraction,29,6,3241,1020.0435230312821,0.31473110861810616
k,range_contraction,29,7,3241,1412.6879016854348,0.4358802535283662
k,range_contraction,30,0,3241,1761.825831785368,0.5436056253580278
k,range_contraction,30,1,3241,1562.9702584172862,0.4822493855036366
k,range_contraction,30,2,3241,1698.859254686088,0.5241774929608417
k,range_contraction,30,3,3241,2069.7396180733667,0.6386114218060372
k,range_contraction,30,4,3241,1758.0051854758444,0.5424267773760705
k,range_contraction,30,5,3241,2057.6423167057287,0.6348788388478027
k,range_contraction,30,6,3241,1961.4301966791913,0.6051929024002441
k,range_contraction,30,7,3241,1877.8029018609761,0.579389972804991
k,range_contraction,31,0,3241,1745.3276701409127,0.5385151712869215
k,range_contraction,31,1,3241,2003.352681193067,0.6181279485322638
k,range_contraction,31,2,3241,1611.482767178607,0.49721776216556834
k,range_contraction,31,3,3241,1737.118652025652,0.5359823054691922
k,range_contraction,31,4,3241,1605.550603737994,0.4953874124461567
k,range_contraction,31,5,3241,1898.8014363458412,0.5858690022665354
k,range_contraction,31,6,3241,1801.7737031616032,0.5559314110341262
k,range_contraction,31,7,3241,1998.945999907551,0.6167682813661064
k,relative_benefit,0,0,3241,540.3190885247471,0.1667136959348186
k,relative_benefit,0,1,3241,78.49870121597374,0.024220518733716057
k,relative_benefit,0,2,3241,538.4108215305561,0.1661249063654909
k,relative_benefit,0,3,3241,560.0458507038455,0.17280032419125133
k,relative_benefit,0,4,3241,243.54623369582856,0.07514539762290298
k,relative_benefit,0,5,3241,799.3921635347428,0.24664984990272842
k,relative_benefit,0,6,3241,129.52901311782335,0.03996575535878536
k,relative_benefit,0,7,3241,810.0226811966104,0.24992986152317506
k,relative_benefit,1,0,3241,129.51528445248772,0.03996151942378517
k,relative_benefit,1,1,3241,457.42945769304777,0.1411383701613847
k,relative_benefit,1,2,3241,-3.4191382918812585,-0.0010549639900898668
k,relative_benefit,1,3,3241,468.1676508599417,0.14445160470840535
k,relative_benefit,1,4,3241,523.2383261111984,0.16144348229287206
k,relative_benefit,1,5,3241,-51.293566346622356,-0.015826462927066447
k,relative_benefit,1,6,3241,382.7644422250863,0.11810072268592604
k,relative_benefit,1,7,3241,124.58684384474473,0.038440865117169
k,relative_benefit,2,0,3241,139.6347785541381,0.04308385638819442
k,relative_benefit,2,1,3241,16.981850784187944,0.0052396947806812545
k,relative_benefit,2,2,3241,41.02529533485329,0.012658221331333937
k,relative_benefit,2,3,3241,460.501230525669,0.14208615566975286
k,relative_benefit,2,4,3241,36.00436436719788,0.011109029425238469
k,relative_benefit,2,5,3241,554.841912634865,0.17119466603976088
k,relative_benefit,2,6,3241,130.76327946094196,0.04034658422121011
k,relative_benefit,2,7,3241,32.74634386739874,0.010103777805430035
k,relative_benefit,3,0,3241,22.614156337779974,0.0069775243251403805
k,relative_benefit,3,1,3241,105.85693016885193,0.03266181122149088
k,relative_benefit,3,2,3241,46.05633033249655,0.014210530802991839
k,relative_benefit,3,3,3241,29.99765742017396,0.009255679549575428
k,relative_benefit,3,4,3241,144.92057502269896,0.044714771682412516
k,relative_benefit,3,5,3241,84.72440882210394,0.02614144054986237
k,relative_benefit,3,6,3241,173.19326691264163,0.05343821873268795
k,relative_benefit,3,7,3241,44.48914957768872,0.013726982282532774
k,relative_benefit,4,0,3241,76.15767900348973,0.02349820395047508
k,relative_benefit,4,1,3241,35.152805067930004,0.010846283575418081
k,relative_benefit,4,2,3241,57.98100125796261,0.0178898492002353
k,relative_benefit,4,3,3241,42.426201198944135,0.013090466275515007
k,relative_benefit,4,4,3241,15.478755709984494,0.004775919688363004
k,relative_benefit,4,5,3241,15.37174187613802,0.004742900918277698
k,relative_benefit,4,6,3241,94.71467453880977,0.029223904516757104
k,relative_benefit,4,7,3241,110.23729720077048,0.034013359210358064
k,relative_benefit,5,0,3241,74.10668084069292,0.022865375143688034
k,relative_benefit,5,1,3241,71.53946462069304,0.022073268935727565
k,relative_benefit,5,2,3241,452.2426697924271,0.13953800363851498
k,relative_benefit,5,3,3241,132.87004769177818,0.04099662070094976
k,relative_benefit,5,4,3241,45.38789024490047,0.014004285789848957
k,relative_benefit,5,5,3241,100.2231446997784,0.030923525053927307
k,relative_benefit,5,6,3241,32.980999554736876,0.010176180053914494
k,relative_benefit,5,7,3241,145.70841529732928,0.04495785723459712
k,relative_benefit,6,0,3241,57.026186603180534,0.01759524424658455
k,relative_benefit,6,1,3241,33.97715251045024,0.01048353980575447
k,relative_benefit,6,2,3241,121.18765789778075,0.03739205735815512
k,relative_benefit,6,3,3241,123.07223481701402,0.03797353743196977
k,relative_benefit,6,4,3241,52.851283472431,0.016307091475603518
k,relative_benefit,6,5,3241,35.36337788870615,0.01091125513381862
k,relative_benefit,6,6,3241,120.34767646950303,0.03713288382274083
k,relative_benefit,6,7,3241,63.96984060344272,0.01973768608560405
k,relative_benefit,7,0,3241,85.31864955440194,0.02632479159345941
k,relative_benefit,7,1,3241,72.87147367350258,0.022484255993058495
k,relative_benefit,7,2,3241,85.81848148170027,0.026479013107590335
k,relative_benefit,7,3,3241,101.45918573446797,0.031304901491659355
k,relative_benefit,7,4,3241,110.2636579061927,0.03402149272020756
k,relative_benefit,7,5,3241,83.62217452803037,0.025801349746383945
k,relative_benefit,7,6,3241,37.998062677019156,0.01172417854891057
k,relative_benefit,7,7,3241,96.22219742263587,0.029689045795321157
k,relative_benefit,8,0,3241,56.47740182513595,0.017425918489705632
k,relative_benefit,8,1,3241,35.9428420639552,0.011090046918838383
k,relative_benefit,8,2,3241,120.53020945772846,0.037189203782082215
k,relative_benefit,8,3,3241,65.79887372895108,0.02030202830266926
k,relative_benefit,8,4,3241,91.66344315541001,0.02828245700568035
k,relative_benefit,8,5,3241,110.34244957301074,0.034045803632524144
k,relative_benefit,8,6,3241,124.58854332996263,0.038441389487800876
k,relative_benefit,8,7,3241,195.8619637957984,0.06043257136556569
k,relative_benefit,9,0,3241,242.27034614917744,0.0747517266736123
k,relative_benefit,9,1,3241,173.94505261692262,0.05367017976455496
k,relative_benefit,9,2,3241,83.09820897409412,0.025639681880312903
k,relative_benefit,9,3,3241,191.59939511771987,0.05911736967532239
k,relative_benefit,9,4,3241,145.20687120138362,0.044803107436403464
k,relative_benefit,9,5,3241,115.19128836569386,0.035541897058220875
k,relative_benefit,9,6,3241,76.73227672955905,0.023675494208441544
k,relative_benefit,9,7,3241,129.17404517016936,0.03985623115401708
k,relative_benefit,10,0,3241,281.03433201716786,0.08671222832988826
k,relative_benefit,10,1,3241,314.2135067594859,0.09694955469283736
k,relative_benefit,10,2,3241,126.85020735187365,0.03913921855966481
k,relative_benefit,10,3,3241,64.98928149049489,0.02005223125285248
k,relative_benefit,10,4,3241,307.06777126710006,0.09474476126723236
k,relative_benefit,10,5,3241,139.98793295582462,0.043192821029257825
k,relative_benefit,10,6,3241,154.4673928841936,0.04766041125707917
k,relative_benefit,10,7,3241,99.67338546406963,0.030753898631308122
k,relative_benefit,11,0,3241,189.66071243718096,0.05851919544498024
k,relative_benefit,11,1,3241,394.7071801883524,0.12178561560887147
k,relative_benefit,11,2,3241,150.97534263628,0.04658295052029621
k,relative_benefit,11,3,3241,145.6685322020589,0.04494555143537764
k,relative_benefit,11,4,3241,164.56998822753422,0.05077753416462025
k,relative_benefit,11,5,3241,161.11882581921742,0.04971268923764808
k,relative_benefit,11,6,3241,187.78683979985576,0.05794101814250409
k,relative_benefit,11,7,3241,185.94295778364,0.057372094348546746
k,relative_benefit,12,0,3241,88.27526067117935,0.027237044329274717
k,relative_benefit,12,1,3241,114.88861035882024,0.03544850674446783
k,relative_benefit,12,2,3241,121.39550826709869,0.03745618891302027
k,relative_benefit,12,3,3241,86.54111950941959,0.026701980718734832
k,relative_benefit,12,4,3241,164.09047097680138,0.050629580677815915
k,relative_benefit,12,5,3241,165.6159411820919,0.05110025954399626
k,relative_benefit,12,6,3241,156.79349540241932,0.04837812261722287
k,relative_benefit,12,7,3241,95.27063076655025,0.02939544300109542
k,relative_benefit,13,0,3241,275.1009740837623,0.0848815100536138
k,relative_benefit,13,1,3241,216.32527150958862,0.06674645834914798
k,relative_benefit,13,2,3241,263.28161910558674,0.0812346865490857
k,relative_benefit,13,3,3241,177.4320409395081,0.05474607866075536
k,relative_benefit,13,4,3241,252.23760602056853,0.07782709226182306
k,relative_benefit,13,5,3241,189.4403444728218,0.058451201626912
k,relative_benefit,13,6,3241,158.4927454134301,0.04890242067677572
k,relative_benefit,13,7,3241,175.20723582948756,0.05405962228617327
k,relative_benefit,14,0,3241,230.30169813388648,0.07105883928845617
k,relative_benefit,14,1,3241,207.1098317492773,0.06390306440891
k,relative_benefit,14,2,3241,185.32401866357282,0.05718112269780093
k,relative_benefit,14,3,3241,265.6640816086542,0.08196978759909108
k,relative_benefit,14,4,3241,145.84615053986266,0.04500035499532942
k,relative_benefit,14,5,3241,212.04781407492,0.06542666278152423
k,relative_benefit,14,6,3241,40.604119064285634,0.012528268764049872
k,relative_benefit,14,7,3241,322.9348288931129,0.09964049024779788
k,relative_benefit,15,0,3241,108.6712793764101,0.03353016950830302
k,relative_benefit,15,1,3241,155.22227918421345,0.04789332896766845
k,relative_benefit,15,2,3241,136.53618067896002,0.042127794100265355
k,relative_benefit,15,3,3241,93.06787902459722,0.02871579112144314
k,relative_benefit,15,4,3241,185.50710086180243,0.05723761211410133
k,relative_benefit,15,5,3241,203.32494091653425,0.06273524866292325
k,relative_benefit,15,6,3241,173.9933270145123,0.05368507467278997
k,relative_benefit,15,7,3241,51.962437919833754,0.01603284107369138
k,relative_benefit,16,0,3241,120.73835156388813,0.03725342535140023
k,relative_benefit,16,1,3241,177.59660081231993,0.054796853073841384
k,relative_benefit,16,2,3241,168.3898078382276,0.051956127071344525
k,relative_benefit,16,3,3241,211.2578980297405,0.06518293675709363
k,relative_benefit,16,4,3241,141.72369521154795,0.04372838482306324
k,relative_benefit,16,5,3241,68.2653709502045,0.02106305799142379
k,relative_benefit,16,6,3241,230.02548456137436,0.0709736144897792
k,relative_benefit,16,7,3241,145.35040949403208,0.04484739570935886
k,relative_benefit,17,0,3241,153.48438350619307,0.047357106913357934
k,relative_benefit,17,1,3241,132.85785673918392,0.0409928592222104
k,relative_benefit,17,2,3241,99.24677385580542,0.030622269008270725
k,relative_benefit,17,3,3241,128.1676479419453,0.039545710565240755
k,relative_benefit,17,4,3241,78.1461821499157,0.02411175012339269
k,relative_benefit,17,5,3241,169.62789213863755,0.05233813395206342
k,relative_benefit,17,6,3241,263.93862491184217,0.08143740355194143
k,relative_benefit,17,7,3241,179.41465980373954,0.055357809257556165
k,relative_benefit,18,0,3241,146.37030811887252,0.04516208211011185
k,relative_benefit,18,1,3241,115.69916959914478,0.03569860215956334
k,relative_benefit,18,2,3241,181.98291452827021,0.05615023589270911
k,relative_benefit,18,3,3241,138.56785549544526,0.04275466075144871
k,relative_benefit,18,4,3241,122.53638959407996,0.03780820413269977
k,relative_benefit,18,5,3241,266.34879842960197,0.08218105474532612
k,relative_benefit,18,6,3241,92.75504692700268,0.02861926779605143
k,relative_benefit,18,7,3241,135.4222726591985,0.04178410140672586
k,relative_benefit,19,0,3241,188.35930338731714,0.05811764991895006
k,relative_benefit,19,1,3241,86.71563181944748,0.026755825923927022
k,relative_benefit,19,2,3241,125.79762203914997,0.03881444678776611
k,relative_benefit,19,3,3241,158.54075503165518,0.048917233888199685
k,relative_benefit,19,4,3241,117.03843439137393,0.03611182795167354
k,relative_benefit,19,5,3241,69.4401283167995,0.021425525552853902
k,relative_benefit,19,6,3241,82.68928256904081,0.025513508969157918
k,relative_benefit,19,7,3241,101.68667832866213,0.03137509359107131
k,relative_benefit,20,0,3241,125.33592234312762,0.03867199084946857
k,relative_benefit,20,1,3241,58.83308962286918,0.01815275829153631
k,relative_benefit,20,2,3241,139.3905740420122,0.04300850788090472
k,relative_benefit,20,3,3241,226.83759451100676,0.06999000139185645
k,relative_benefit,20,4,3241,88.18887920705943,0.027210391609706706
k,relative_benefit,20,5,3241,71.14654409965713,0.021952034587984306
k,relative_benefit,20,6,3241,216.3145129660429,0.06674313883555782
k,relative_benefit,20,7,3241,92.21917152740201,0.02845392518586918
k,relative_benefit,21,0,3241,199.24844366668083,0.06147745870616502
k,relative_benefit,21,1,3241,146.73635372924736,0.045275024291653
k,relative_benefit,21,2,3241,114.09329879773196,0.03520311595116691
k,relative_benefit,21,3,3241,116.75109791029388,0.03602317121576485
k,relative_benefit,21,4,3241,113.89215113890596,0.035141052495805604
k,relative_benefit,21,5,3241,84.75412384843887,0.026150609024510604
k,relative_benefit,21,6,3241,129.24053735365447,0.039876747100788174
k,relative_benefit,21,7,3241,89.48628039913214,0.02761070052426169
k,relative_benefit,22,0,3241,112.98729446931534,0.03486186191586404
k,relative_benefit,22,1,3241,137.12369246694894,0.042309068949999674
k,relative_benefit,22,2,3241,136.47024128252966,0.04210744871414059
k,relative_benefit,22,3,3241,183.9370047386358,0.05675316406622518
k,relative_benefit,22,4,3241,82.34063029151784,0.025405933443849997
k,relative_benefit,22,5,3241,88.8796013026896,0.02742351166389682
k,relative_benefit,22,6,3241,98.23115928292555,0.03030890443780486
k,relative_benefit,22,7,3241,134.67200704665063,0.04155260939421494
k,relative_benefit,23,0,3241,58.326870848520535,0.017996566136538272
k,relative_benefit,23,1,3241,120.8229068181287,0.03727951459985458
k,relative_benefit,23,2,3241,129.8748567324937,0.040072464280312775
k,relative_benefit,23,3,3241,123.00518941559815,0.03795285079160696
k,relative_benefit,23,4,3241,71.77180091330527,0.022144955542519367
k,relative_benefit,23,5,3241,109.26586875240652,0.033713628124778315
k,relative_benefit,23,6,3241,147.0295874177638,0.04536550059171977
k,relative_benefit,23,7,3241,22.66567656306559,0.00699342072294526
k,relative_benefit,24,0,3241,103.94875436045585,0.032073049787243395
k,relative_benefit,24,1,3241,87.24421526273625,0.026918918624725778
k,relative_benefit,24,2,3241,40.762259182850755,0.012577062382860462
k,relative_benefit,24,3,3241,45.43856728702234,0.014019922026233365
k,relative_benefit,24,4,3241,113.54002802292237,0.03503240605458882
k,relative_benefit,24,5,3241,128.39964678881913,0.039617293054248416
k,relative_benefit,24,6,3241,162.20016739066432,0.05004633365956937
k,relative_benefit,24,7,3241,167.38723142566616,0.051646785382803505
k,relative_benefit,25,0,3241,100.13137509295008,0.03089520984046593
k,relative_benefit,25,1,3241,124.82760619394793,0.03851515155629372
k,relative_benefit,25,2,3241,125.33255756341035,0.03867095265763972
k,relative_benefit,25,3,3241,131.35118133619622,0.04052797943110035
k,relative_benefit,25,4,3241,108.82083666264494,0.03357631492213667
k,relative_benefit,25,5,3241,359.5740380690118,0.11094539897223443
k,relative_benefit,25,6,3241,74.97843606255063,0.02313435237968239
k,relative_benefit,25,7,3241,91.10172418815284,0.028109140446822847
k,relative_benefit,26,0,3241,200.3531217584749,0.061818303535475135
k,relative_benefit,26,1,3241,124.70793123394962,0.038478226236948354
k,relative_benefit,26,2,3241,118.4403546730437,0.03654438589109648
k,relative_benefit,26,3,3241,168.86757878571416,0.05210354174196673
k,relative_benefit,26,4,3241,104.87358347336082,0.032358402799555944
k,relative_benefit,26,5,3241,140.53646075932818,0.04336206749747861
k,relative_benefit,26,6,3241,110.48546388235063,0.034089930232135336
k,relative_benefit,26,7,3241,124.16136837783498,0.038309586046848185
k,relative_benefit,27,0,3241,45.510327399337605,0.01404206337529701
k,relative_benefit,27,1,3241,178.99173964941227,0.05522731862061471
k,relative_benefit,27,2,3241,92.41555012502769,0.028514517162921225
k,relative_benefit,27,3,3241,58.30522493758097,0.017989887361178947
k,relative_benefit,27,4,3241,111.6911207955695,0.034461931748093026
k,relative_benefit,27,5,3241,158.4983589705804,0.04890415272156137
k,relative_benefit,27,6,3241,65.02064314052124,0.020061907787880667
k,relative_benefit,27,7,3241,359.0853944675291,0.11079462957961404
k,relative_benefit,28,0,3241,125.41203015577726,0.03869547366731788
k,relative_benefit,28,1,3241,103.6335128685603,0.03197578305108309
k,relative_benefit,28,2,3241,83.63392074854642,0.025804974004488248
k,relative_benefit,28,3,3241,90.54568030065268,0.027937574915351027
k,relative_benefit,28,4,3241,129.48005015007323,0.03995064799446875
k,relative_benefit,28,5,3241,127.16503587318921,0.039236357875096946
k,relative_benefit,28,6,3241,67.68903622065163,0.02088523178668671
k,relative_benefit,28,7,3241,144.6017348811998,0.04461639459463122
k,relative_benefit,29,0,3241,64.56578892487572,0.0199215640002702
k,relative_benefit,29,1,3241,104.0843172427257,0.03211487727328778
k,relative_benefit,29,2,3241,157.51543613026342,0.0486008750787607
k,relative_benefit,29,3,3241,67.53358831560776,0.020837268841594495
k,relative_benefit,29,4,3241,68.98081530820156,0.021283806019192088
k,relative_benefit,29,5,3241,141.02014685191642,0.043511307266867146
k,relative_benefit,29,6,3241,729.6687248644383,0.2251369098625234
k,relative_benefit,29,7,3241,116.30702680004323,0.03588615452022315
k,relative_benefit,30,0,3241,127.32645351216162,0.03928616276216033
k,relative_benefit,30,1,3241,105.16918846685186,0.032449610758053644
k,relative_benefit,30,2,3241,92.88253594107069,0.02865860411634393
k,relative_benefit,30,3,3241,146.87919886853138,0.04531909869439413
k,relative_benefit,30,4,3241,164.87606213102356,0.05087197227121986
k,relative_benefit,30,5,3241,72.18284703506052,0.022271782485362702
k,relative_benefit,30,6,3241,195.9264643121387,0.06045247278992246
k,relative_benefit,30,7,3241,85.58456404972858,0.026406838645396044
k,relative_benefit,31,0,3241,4.530097021597054,0.001397746689786194
k,relative_benefit,31,1,3241,52.85181042159958,0.016307254064054175
k,relative_benefit,31,2,3241,164.54096831518402,0.050768580165129286
k,relative_benefit,31,3,3241,24.188706449042456,0.007463346636545035
k,relative_benefit,31,4,3241,36.512902981178904,0.011265937359203611
k,relative_benefit,31,5,3241,51.349361252289036,0.015843678263588103
k,relative_benefit,31,6,3241,50.28394084233399,0.015514946264219065
k,relative_benefit,31,7,3241,39.110151099467664,0.012067309811622235
v,relative_benefit,0,0,560,267.4300593898886,0.4775536774819439
v,relative_benefit,0,1,560,111.14376319832404,0.19847100571129292
v,relative_benefit,0,2,560,197.99898110076083,0.3535696091085015
v,relative_benefit,0,3,560,116.57128499893135,0.20816300892666312
v,relative_benefit,0,4,560,127.51494996186673,0.22770526778904773
v,relative_benefit,0,5,560,389.05209515800726,0.6947358842107273
v,relative_benefit,0,6,560,305.76608355864386,0.5460108634975783
v,relative_benefit,0,7,560,466.01572709867804,0.8321709412476394
v,relative_benefit,1,0,560,259.4002746744883,0.46321477620444335
v,relative_benefit,1,1,560,158.96811168442852,0.28387162800790805
v,relative_benefit,1,2,560,313.2577815217655,0.5593888955745813
v,relative_benefit,1,3,560,128.8065716714015,0.2300117351275027
v,relative_benefit,1,4,560,290.7722686165537,0.5192361939581316
v,relative_benefit,1,5,560,239.50045244222972,0.4276793793611245
v,relative_benefit,1,6,560,220.30924794153316,0.39340937132416637
v,relative_benefit,1,7,560,156.95301197502775,0.2802732356696924
v,relative_benefit,2,0,560,162.69151498876752,0.290520562479942
v,relative_benefit,2,1,560,230.5642596535831,0.4117218922385412
v,relative_benefit,2,2,560,200.05722024888064,0.35724503615871545
v,relative_benefit,2,3,560,349.1840051750332,0.6235428663839878
v,relative_benefit,2,4,560,178.42262837360045,0.31861183638142937
v,relative_benefit,2,5,560,370.0173006416234,0.6607451797171847
v,relative_benefit,2,6,560,407.71560988125435,0.7280635890736685
v,relative_benefit,2,7,560,261.8954765602756,0.467670493857635
v,relative_benefit,3,0,560,124.49492363742135,0.2223123636382524
v,relative_benefit,3,1,560,324.79898586651564,0.5799981890473493
v,relative_benefit,3,2,560,178.46018506445932,0.3186789019008202
v,relative_benefit,3,3,560,161.56016841915596,0.28850030074849276
v,relative_benefit,3,4,560,330.0747980774552,0.58941928228117
v,relative_benefit,3,5,560,106.78762645745816,0.19069219010260385
v,relative_benefit,3,6,560,105.58277558842975,0.18854067069362457
v,relative_benefit,3,7,560,198.7291648783364,0.354873508711315
v,relative_benefit,4,0,560,147.9011159947508,0.2641091357049121
v,relative_benefit,4,1,560,140.37147083068717,0.25066334076908425
v,relative_benefit,4,2,560,294.2213841179866,0.5253953287821189
v,relative_benefit,4,3,560,287.9736753412863,0.5142387059665827
v,relative_benefit,4,4,560,228.03035274302158,0.4071970584696814
v,relative_benefit,4,5,560,130.3308631189855,0.23273368414104553
v,relative_benefit,4,6,560,266.15383638720095,0.47527470783428744
v,relative_benefit,4,7,560,137.2245236914305,0.2450437923061259
v,relative_benefit,5,0,560,233.91629081916784,0.41770766217708544
v,relative_benefit,5,1,560,282.59592345868623,0.5046355776047968
v,relative_benefit,5,2,560,292.9218244749713,0.5230746865624487
v,relative_benefit,5,3,560,261.2380823881828,0.4664965756931836
v,relative_benefit,5,4,560,203.9569533705958,0.3642088453046354
v,relative_benefit,5,5,560,145.62660193706404,0.26004750345904293
v,relative_benefit,5,6,560,257.9998389142786,0.46071399806121177
v,relative_benefit,5,7,560,293.8985460291356,0.524818832194885
v,relative_benefit,6,0,536,143.23329256665164,0.267226292101962
v,relative_benefit,6,1,536,107.13823649865665,0.19988476958704599
v,relative_benefit,6,2,536,249.19556679599086,0.4649171022313262
v,relative_benefit,6,3,536,273.91093399179624,0.5110278619249929
v,relative_benefit,6,4,536,275.14533641802274,0.5133308515261619
v,relative_benefit,6,5,536,153.52032844116434,0.2864185232111275
v,relative_benefit,6,6,536,169.05384556564005,0.3153989656075374
v,relative_benefit,6,7,264,83.3571446101424,0.31574675988690304
v,relative_benefit,7,0,248,126.31014826887544,0.5093151139874009
v,relative_benefit,7,1,248,129.14021057085156,0.5207266555276273
v,relative_benefit,7,2,248,107.65761655262314,0.43410329255089974
v,relative_benefit,7,3,248,92.2529202532842,0.37198758166646856
v,relative_benefit,7,4,248,108.21864697140676,0.4363655119814788
v,relative_benefit,7,5,248,110.02761201996236,0.443659725886945
v,relative_benefit,7,6,248,132.77975710874122,0.5354022464062146
v,relative_benefit,7,7,248,91.11502519271016,0.36739929513189584
v,relative_benefit,8,0,200,90.86187332036593,0.45430936660182963
v,relative_benefit,8,1,200,65.15467067131948,0.3257733533565974
v,relative_benefit,8,2,200,100.85216677648187,0.5042608338824093
v,relative_benefit,8,3,200,96.24216280700097,0.4812108140350048
v,relative_benefit,8,4,200,60.63737322684477,0.30318686613422385
v,relative_benefit,8,5,200,99.18778896146266,0.49593894480731326
v,relative_benefit,8,6,200,57.95969422516472,0.2897984711258236
v,relative_benefit,8,7,200,97.83144715979421,0.489157235798971
v,relative_benefit,9,0,200,97.04444932679155,0.48522224663395774
v,relative_benefit,9,1,200,45.77393160680231,0.22886965803401155
v,relative_benefit,9,2,200,111.25179107971344,0.5562589553985672
v,relative_benefit,9,3,200,85.9913181980635,0.42995659099031747
v,relative_benefit,9,4,200,95.62266711973979,0.47811333559869895
v,relative_benefit,9,5,200,74.45793000092434,0.37228965000462166
v,relative_benefit,9,6,200,68.8480854091464,0.34424042704573204
v,relative_benefit,9,7,200,65.97941066987714,0.3298970533493857
v,relative_benefit,10,0,160,87.04782680112338,0.5440489175070211
v,relative_benefit,10,1,160,56.38731824051783,0.35242073900323645
v,relative_benefit,10,2,160,62.42383303060628,0.3901489564412893
v,relative_benefit,10,3,160,65.73425471787306,0.4108390919867066
v,relative_benefit,10,4,120,65.57025631358061,0.5464188026131718
v,relative_benefit,10,5,120,53.794545594793924,0.448287879956616
v,relative_benefit,10,6,120,58.901164566699336,0.4908430380558278
v,relative_benefit,10,7,120,69.85436534229089,0.5821197111857574
v,relative_benefit,11,0,104,55.10809330940374,0.5298855125904206
v,relative_benefit,11,1,104,54.367192438716636,0.5227614657568908
v,relative_benefit,11,2,104,52.90855458971797,0.5087361018242113
v,relative_benefit,11,3,104,51.41585310301267,0.4943832029135834
v,relative_benefit,11,4,104,56.98950512387916,0.5479760108065304
v,relative_benefit,11,5,104,51.94115534694608,0.49943418602832773
v,relative_benefit,11,6,104,51.526890228500484,0.4954508675817354
v,relative_benefit,11,7,104,45.75371311023839,0.4399395491369076
v,relative_benefit,12,0,104,52.772984623942754,0.5074325444609881
v,relative_benefit,12,1,104,37.67535756459452,0.3622630535057165
v,relative_benefit,12,2,104,44.31242492887252,0.4260810089314665
v,relative_benefit,12,3,104,62.465310048828584,0.6006279812387364
v,relative_benefit,12,4,104,53.31155343129426,0.5126110906855217
v,relative_benefit,12,5,104,35.97965970787997,0.3459582664219228
v,relative_benefit,12,6,104,53.01831887527062,0.5097915276468329
v,relative_benefit,12,7,104,51.57899414678081,0.4959518667959693
v,relative_benefit,13,0,104,61.65955022018282,0.592880290578681
v,relative_benefit,13,1,104,46.469797878072015,0.4468249795968463
v,relative_benefit,13,2,104,57.47881569323489,0.5526809201272586
v,relative_benefit,13,3,104,43.65913074329247,0.41979933407011993
v,relative_benefit,13,4,104,55.543723746660596,0.5340742667948134
v,relative_benefit,13,5,104,34.60733188706007,0.33276280660634683
v,relative_benefit,13,6,104,48.95929222433875,0.47076242523402645
v,relative_benefit,13,7,104,43.36110630126343,0.4169337144352253
v,relative_benefit,14,0,104,46.1029121969678,0.4432972326631519
v,relative_benefit,14,1,104,43.33150772916644,0.41664911278044653
v,relative_benefit,14,2,104,59.7527074598805,0.5745452640373124
v,relative_benefit,14,3,104,46.01703576258741,0.44247149771718663
v,relative_benefit,14,4,104,52.562640524071256,0.5054100050391467
v,relative_benefit,14,5,104,58.05935223374832,0.55826300224758
v,relative_benefit,14,6,104,46.42660746209837,0.44640968713556123
v,relative_benefit,14,7,104,57.7642512790243,0.5554254930675413
v,relative_benefit,15,0,96,40.31794851596302,0.41997863037461475
v,relative_benefit,15,1,96,57.20496001760301,0.5958850001833647
v,relative_benefit,15,2,96,34.00506941619852,0.3542194730854013
v,relative_benefit,15,3,96,30.795382155730607,0.3207852307888605
v,relative_benefit,15,4,96,36.565388618907136,0.3808894647802827
v,relative_benefit,15,5,96,48.704297151616224,0.507336428662669
v,relative_benefit,15,6,96,-50.78500558805839,-0.5290104748756083
v,relative_benefit,15,7,96,45.024592961113015,0.46900617667826056
v,relative_benefit,16,0,96,41.700996010908824,0.43438537511363357
v,relative_benefit,16,1,96,53.05885019606094,0.5526963562089681
v,relative_benefit,16,2,96,36.616062884025325,0.38141732170859716
v,relative_benefit,16,3,96,51.616923912113705,0.5376762907511844
v,relative_benefit,16,4,96,50.72010572395685,0.5283344346245505
v,relative_benefit,16,5,96,46.952990007979565,0.4890936459164538
v,relative_benefit,16,6,96,45.67353606852565,0.47576600071380887
v,relative_benefit,16,7,96,58.04849863041464,0.6046718607334859
v,relative_benefit,17,0,96,51.425710701949406,0.5356844864786396
v,relative_benefit,17,1,96,47.14417519734719,0.4910851583056999
v,relative_benefit,17,2,96,44.30671626070804,0.46152829438237547
v,relative_benefit,17,3,96,48.554546406365084,0.505776525066303
v,relative_benefit,17,4,96,33.12114942206258,0.3450119731464852
v,relative_benefit,17,5,96,42.13102150767064,0.43886480737156913
v,relative_benefit,17,6,96,43.22191239359221,0.4502282540999189
v,relative_benefit,17,7,96,42.04206521758067,0.4379381793497987
v,relative_benefit,18,0,88,45.792376054860746,0.5203679097143267
v,relative_benefit,18,1,88,53.45362858852353,0.6074275975968583
v,relative_benefit,18,2,88,46.67951418947834,0.5304490248804357
v,relative_benefit,18,3,88,47.281650653528395,0.5372914846991863
v,relative_benefit,18,4,88,28.318089533572426,0.32179647197241396
v,relative_benefit,18,5,88,41.632754203989464,0.47309947959078935
v,relative_benefit,18,6,88,44.32641994418675,0.5037093175475768
v,relative_benefit,18,7,88,39.05990883365722,0.4438626003824684
v,relative_benefit,19,0,88,40.194140468053824,0.45675159622788436
v,relative_benefit,19,1,88,41.26894568956738,0.46896529192690206
v,relative_benefit,19,2,88,45.813420067289044,0.5206070462191937
v,relative_benefit,19,3,88,36.762791919732955,0.4177589990878745
v,relative_benefit,19,4,88,34.73799008939256,0.39474988737946093
v,relative_benefit,19,5,88,39.31786059055958,0.446793870347268
v,relative_benefit,19,6,88,34.83703332366807,0.39587537867804623
v,relative_benefit,19,7,88,56.541900898714324,0.6425216011217537
v,relative_benefit,20,0,88,38.344115726473476,0.43572858780083495
v,relative_benefit,20,1,88,33.43852394048256,0.3799832265963927
v,relative_benefit,20,2,88,45.52031097541645,0.5172762610842778
v,relative_benefit,20,3,88,42.364189228926534,0.48141124123780155
v,relative_benefit,20,4,88,51.550471652136714,0.5858008142288263
v,relative_benefit,20,5,88,39.231856881618164,0.4458165554729337
v,relative_benefit,20,6,88,42.41910208641285,0.4820352509819642
v,relative_benefit,20,7,88,39.215967906048114,0.44563599893236494
v,relative_benefit,21,0,88,41.05783111338672,0.4665662626521218
v,relative_benefit,21,1,88,60.48440159608044,0.6873227454100049
v,relative_benefit,21,2,88,58.863847014182426,0.6689073524338912
v,relative_benefit,21,3,88,44.5018478931489,0.5057028169676011
v,relative_benefit,21,4,88,51.321641874667115,0.58320047584849
v,relative_benefit,21,5,88,31.929566074114167,0.36283597811493373
v,relative_benefit,21,6,88,34.47239513822275,0.39173176293434947
v,relative_benefit,21,7,88,35.37289499051203,0.4019647158012731
v,relative_benefit,22,0,80,28.065953467050637,0.35082441833813294
v,relative_benefit,22,1,80,44.380296874601854,0.5547537109325231
v,relative_benefit,22,2,80,39.825363479461885,0.49781704349327355
v,relative_benefit,22,3,80,32.63740939021649,0.40796761737770615
v,relative_benefit,22,4,80,36.60095078267057,0.4575118847833822
v,relative_benefit,22,5,80,45.490914225752654,0.5686364278219082
v,relative_benefit,22,6,80,42.21776935273668,0.5277221169092086
v,relative_benefit,22,7,80,33.121183499639315,0.41401479374549144
v,relative_benefit,23,0,80,45.57591289438911,0.5696989111798639
v,relative_benefit,23,1,80,38.53936877898512,0.481742109737314
v,relative_benefit,23,2,80,40.338931739304655,0.5042366467413082
v,relative_benefit,23,3,80,30.2304262400324,0.377880328000405
v,relative_benefit,23,4,80,34.77782877569209,0.43472285969615115
v,relative_benefit,23,5,80,28.61722533623435,0.35771531670292933
v,relative_benefit,23,6,80,30.699301077664373,0.38374126347080467
v,relative_benefit,23,7,80,48.54143451688582,0.6067679314610728
v,relative_benefit,24,0,80,31.737332870066037,0.39671666087582547
v,relative_benefit,24,1,80,34.53289349463455,0.43166116868293186
v,relative_benefit,24,2,80,40.28238989503814,0.5035298736879767
v,relative_benefit,24,3,80,39.13930109686353,0.48924126371079407
v,relative_benefit,24,4,80,31.453483650571574,0.39316854563214465
v,relative_benefit,24,5,80,27.01366240426259,0.3376707800532824
v,relative_benefit,24,6,80,44.42537565757834,0.5553171957197293
v,relative_benefit,24,7,80,46.56904214234511,0.5821130267793139
v,relative_benefit,25,0,80,42.37061824573131,0.5296327280716413
v,relative_benefit,25,1,80,28.722501332419313,0.35903126665524143
v,relative_benefit,25,2,80,42.04908250112254,0.5256135312640318
v,relative_benefit,25,3,80,29.397677187299163,0.36747096484123953
v,relative_benefit,25,4,80,40.47931126913535,0.5059913908641919
v,relative_benefit,25,5,80,58.62639660048311,0.7328299575060389
v,relative_benefit,25,6,80,34.768280421241336,0.4346035052655167
v,relative_benefit,25,7,80,40.43812654758645,0.5054765818448306
v,relative_benefit,26,0,80,51.62101191129297,0.6452626488911621
v,relative_benefit,26,1,80,39.29495572656006,0.4911869465820008
v,relative_benefit,26,2,80,44.20668883832063,0.5525836104790078
v,relative_benefit,26,3,80,37.50299660340882,0.4687874575426102
v,relative_benefit,26,4,80,35.90085522293804,0.4487606902867255
v,relative_benefit,26,5,80,30.210554073301985,0.3776319259162748
v,relative_benefit,26,6,80,38.954290400749265,0.4869286300093658
v,relative_benefit,26,7,80,25.674945228923587,0.32093681536154484
v,relative_benefit,27,0,80,36.20718764502489,0.4525898455628111
v,relative_benefit,27,1,80,33.29011028829257,0.4161263786036571
v,relative_benefit,27,2,80,37.29152073762208,0.466144009220276
v,relative_benefit,27,3,80,43.44355242092789,0.5430444052615986
v,relative_benefit,27,4,80,41.94050026023008,0.5242562532528761
v,relative_benefit,27,5,80,30.687966369011704,0.3835995796126463
v,relative_benefit,27,6,80,43.959987280598796,0.549499841007485
v,relative_benefit,27,7,80,55.26340294118366,0.6907925367647957
v,relative_benefit,28,0,80,37.84290445827452,0.47303630572843147
v,relative_benefit,28,1,80,39.478594296057494,0.4934824287007187
v,relative_benefit,28,2,80,35.62111079774658,0.4452638849718323
v,relative_benefit,28,3,80,40.28904808397877,0.5036131010497347
v,relative_benefit,28,4,80,33.12699665282002,0.4140874581602502
v,relative_benefit,28,5,80,33.97118290808478,0.4246397863510597
v,relative_benefit,28,6,80,48.51245387441972,0.6064056734302465
v,relative_benefit,28,7,80,36.03951492099972,0.45049393651249653
v,relative_benefit,29,0,80,39.641429403980254,0.4955178675497532
v,relative_benefit,29,1,80,31.06636113723018,0.38832951421537726
v,relative_benefit,29,2,80,28.138498514048322,0.35173123142560403
v,relative_benefit,29,3,80,39.71220803926118,0.49640260049076473
v,relative_benefit,29,4,80,54.017466868556546,0.6752183358569568
v,relative_benefit,29,5,80,39.35285067682689,0.49191063346033614
v,relative_benefit,29,6,80,60.63762795744958,0.7579703494681198
v,relative_benefit,29,7,80,48.97400019950042,0.6121750024937553
v,relative_benefit,30,0,80,35.596796777486084,0.44495995971857605
v,relative_benefit,30,1,80,48.499530878188125,0.6062441359773516
v,relative_benefit,30,2,80,38.61207638509879,0.4826509548137349
v,relative_benefit,30,3,80,25.62125874250539,0.3202657342813174
v,relative_benefit,30,4,80,42.73213442440234,0.5341516803050292
v,relative_benefit,30,5,80,38.07659760098356,0.4759574700122945
v,relative_benefit,30,6,80,35.09627348237218,0.4387034185296523
v,relative_benefit,30,7,80,32.769031333909226,0.40961289167386533
v,relative_benefit,31,0,80,43.50481388382181,0.5438101735477726
v,relative_benefit,31,1,80,51.685997522818816,0.6460749690352352
v,relative_benefit,31,2,80,45.78668585853935,0.5723335732317418
v,relative_benefit,31,3,80,62.57342790959192,0.782167848869899
v,relative_benefit,31,4,80,42.2497702422893,0.5281221280286162
v,relative_benefit,31,5,80,35.0410119328974,0.43801264916121746
v,relative_benefit,31,6,80,44.685346063209394,0.5585668257901174
v,relative_benefit,31,7,80,33.549225141904564,0.4193653142738071
v,relative_candidate_benefit,0,0,560,104.34468935251306,0.1863298024152019
v,relative_candidate_benefit,0,1,560,84.72314776645715,0.1512913352972449
v,relative_candidate_benefit,0,2,560,110.65153807799274,0.1975920322821299
v,relative_candidate_benefit,0,3,560,-303.1484622589836,-0.5413365397481851
v,relative_candidate_benefit,0,4,560,-313.30240765075865,-0.5594685850906405
v,relative_candidate_benefit,0,5,560,387.09098109478543,0.6912338948121168
v,relative_candidate_benefit,0,6,560,303.44533671347557,0.541866672702635
v,relative_candidate_benefit,0,7,560,274.0893294801897,0.48944523121462447
v,relative_candidate_benefit,1,0,560,-158.21885560552008,-0.282533670724143
v,relative_candidate_benefit,1,1,560,-634.7719487660918,-1.1335213370823067
v,relative_candidate_benefit,1,2,560,-8185.682627475929,-14.617290406207015
v,relative_candidate_benefit,1,3,560,-94.02659035602285,-0.1679046256357551
v,relative_candidate_benefit,1,4,560,-81303.43801377513,-145.18471073888415
v,relative_candidate_benefit,1,5,560,-502.1995589480078,-0.896784926692871
v,relative_candidate_benefit,1,6,560,-1083.1212878037572,-1.9341451567924237
v,relative_candidate_benefit,1,7,560,64.54466943818335,0.11525833828247027
v,relative_candidate_benefit,2,0,560,-6362.413756237749,-11.361453136138838
v,relative_candidate_benefit,2,1,560,-438.69128747089593,-0.7833772990551713
v,relative_candidate_benefit,2,2,560,-4171.857642502594,-7.449745790183203
v,relative_candidate_benefit,2,3,560,-7616.2880297036345,-13.60051433875649
v,relative_candidate_benefit,2,4,560,-3609.7021294390615,-6.44589665971261
v,relative_candidate_benefit,2,5,560,-55751.41592964337,-99.55609987436317
v,relative_candidate_benefit,2,6,560,-9824.54325588298,-17.543827242648177
v,relative_candidate_benefit,2,7,560,-2425.1471225085047,-4.3306198616223295
v,relative_candidate_benefit,3,0,560,-1222.368390493611,-2.18280069731002
v,relative_candidate_benefit,3,1,560,-6395.65648541123,-11.420815152520055
v,relative_candidate_benefit,3,2,560,-578.4591287513084,-1.0329627299130508
v,relative_candidate_benefit,3,3,560,-154.3358318538131,-0.27559969973895193
v,relative_candidate_benefit,3,4,560,-18002.12421395152,-32.146650382056286
v,relative_candidate_benefit,3,5,560,-2524.3848640590513,-4.507830114391163
v,relative_candidate_benefit,3,6,560,-335.84128198436287,-0.5997165749720765
v,relative_candidate_benefit,3,7,560,-1106.72638175558,-1.9762971102778213
v,relative_candidate_benefit,4,0,560,-3514.521005156578,-6.275930366351033
v,relative_candidate_benefit,4,1,560,-1321.3469124887679,-2.359548058015657
v,relative_candidate_benefit,4,2,560,-312.9226628723616,-0.5587904694149315
v,relative_candidate_benefit,4,3,560,-1266.8703531273304,-2.2622684877273755
v,relative_candidate_benefit,4,4,560,-267.97022748974047,-0.47851826337453657
v,relative_candidate_benefit,4,5,560,-992.1041001703339,-1.771614464589882
v,relative_candidate_benefit,4,6,560,-1397.1508097089275,-2.4949121601945135
v,relative_candidate_benefit,4,7,560,-11879.805162386387,-21.21393778997569
v,relative_candidate_benefit,5,0,560,-1955.6965993414085,-3.492315355966801
v,relative_candidate_benefit,5,1,560,-379.4428437927247,-0.6775765067727227
v,relative_candidate_benefit,5,2,560,-178.58720501954562,-0.3189057232491886
v,relative_candidate_benefit,5,3,560,58.929970563208784,0.10523209029144426
v,relative_candidate_benefit,5,4,560,-233.23107660455452,-0.41648406536527594
v,relative_candidate_benefit,5,5,560,-968.3811329069101,-1.7292520230480537
v,relative_candidate_benefit,5,6,560,-623.2744006290237,-1.1129900011232567
v,relative_candidate_benefit,5,7,560,-11136.534436856778,-19.88666863724425
v,relative_candidate_benefit,6,0,560,-812.9501255883963,-1.451696652836422
v,relative_candidate_benefit,6,1,560,-593.7661293665686,-1.0602966595831582
v,relative_candidate_benefit,6,2,560,239.74569911064555,0.4281173198404385
v,relative_candidate_benefit,6,3,560,-1363.7706773878779,-2.435304781049782
v,relative_candidate_benefit,6,4,560,-8746.77048514064,-15.619233009179714
v,relative_candidate_benefit,6,5,560,92.46352348045353,0.16511343478652415
v,relative_candidate_benefit,6,6,560,-2530.0194756454225,-4.517891920795397
v,relative_candidate_benefit,6,7,560,-1452.9702819863196,-2.594589789261285
v,relative_candidate_benefit,7,0,560,-64.65719678090261,-0.11545927996589751
v,relative_candidate_benefit,7,1,560,181.57010704421458,0.32423233400752605
v,relative_candidate_benefit,7,2,560,-443.043833501418,-0.7911497026811036
v,relative_candidate_benefit,7,3,560,-500.33649418192977,-0.8934580253248746
v,relative_candidate_benefit,7,4,560,-308.38629761691686,-0.5506898171730659
v,relative_candidate_benefit,7,5,560,-163.9170669189325,-0.2927090480695223
v,relative_candidate_benefit,7,6,560,-203.0360070965183,-0.3625642983866398
v,relative_candidate_benefit,7,7,560,-563.20852054433,-1.0057295009720177
v,relative_candidate_benefit,8,0,560,-180.97862677275074,-0.3231761192370549
v,relative_candidate_benefit,8,1,560,118.05199611698026,0.21080713592317904
v,relative_candidate_benefit,8,2,560,203.65607598734084,0.36367156426310865
v,relative_candidate_benefit,8,3,560,53.123145352753866,0.09486275955848905
v,relative_candidate_benefit,8,4,560,139.46295496497987,0.24904099100889263
v,relative_candidate_benefit,8,5,560,200.57749922369499,0.3581741057565982
v,relative_candidate_benefit,8,6,560,-64.43628850458373,-0.11506480090104237
v,relative_candidate_benefit,8,7,560,208.57080690656755,0.3724478694760135
v,relative_candidate_benefit,9,0,560,229.44928856170026,0.4097308724316076
v,relative_candidate_benefit,9,1,560,-442.0028730778275,-0.7892908447818348
v,relative_candidate_benefit,9,2,560,123.36774098957247,0.2202995374813794
v,relative_candidate_benefit,9,3,560,-349.6511906340744,-0.6243771261322757
v,relative_candidate_benefit,9,4,560,52.70819429532911,0.0941217755273734
v,relative_candidate_benefit,9,5,560,-66.3357791632596,-0.11845674850582072
v,relative_candidate_benefit,9,6,560,-756.2578488068041,-1.3504604442978645
v,relative_candidate_benefit,9,7,560,164.13339050377658,0.2930953401853153
v,relative_candidate_benefit,10,0,560,-461.0415506332472,-0.8232884832736557
v,relative_candidate_benefit,10,1,560,-2306.286602598238,-4.11836893321114
v,relative_candidate_benefit,10,2,560,-393.8057865471364,-0.7032246188341721
v,relative_candidate_benefit,10,3,560,-1310.555794428755,-2.3402782043370625
v,relative_candidate_benefit,10,4,560,57.69063477741762,0.10301899067396003
v,relative_candidate_benefit,10,5,560,142.596019232175,0.25463574862888394
v,relative_candidate_benefit,10,6,560,-822.8920683447493,-1.4694501220441951
v,relative_candidate_benefit,10,7,560,-822.5916398710974,-1.4689136426269596
v,relative_candidate_benefit,11,0,560,108.75139902802542,0.19419892683575968
v,relative_candidate_benefit,11,1,560,-444.42754859961036,-0.7936206224993042
v,relative_candidate_benefit,11,2,560,-388.19099756128793,-0.6931982099308713
v,relative_candidate_benefit,11,3,560,80.99600799126,0.14463572855582144
v,relative_candidate_benefit,11,4,560,309.27924764641335,0.5522843707971667
v,relative_candidate_benefit,11,5,560,-104.67194958341213,-0.18691419568466452
v,relative_candidate_benefit,11,6,560,32.919471889355165,0.058784771230991364
v,relative_candidate_benefit,11,7,560,-332.1971304734645,-0.593209161559758
v,relative_candidate_benefit,12,0,560,140.87703366112248,0.25156613153771873
v,relative_candidate_benefit,12,1,560,-14.099388893246612,-0.025177480166511806
v,relative_candidate_benefit,12,2,560,176.38258988527724,0.31496891050942366
v,relative_candidate_benefit,12,3,560,92.48727583394357,0.16515584970347066
v,relative_candidate_benefit,12,4,560,-195.63411920807755,-0.3493466414429956
v,relative_candidate_benefit,12,5,560,-1278.529031453341,-2.2830875561666804
v,relative_candidate_benefit,12,6,560,184.68272639772854,0.3297905828530867
v,relative_candidate_benefit,12,7,560,-117.62214891535913,-0.2100395516345699
v,relative_candidate_benefit,13,0,560,248.06690164000548,0.44297661007143835
v,relative_candidate_benefit,13,1,560,-477.0411832647945,-0.8518592558299901
v,relative_candidate_benefit,13,2,560,236.00257808443573,0.4214331751507781
v,relative_candidate_benefit,13,3,560,107.48962927119098,0.19194576655569817
v,relative_candidate_benefit,13,4,560,184.26747010400024,0.3290490537571433
v,relative_candidate_benefit,13,5,560,-237.64528436229506,-0.42436657921838405
v,relative_candidate_benefit,13,6,560,-178.52425839783388,-0.3187933185675605
v,relative_candidate_benefit,13,7,560,-231.82389261763277,-0.4139712368172014
v,relative_candidate_benefit,14,0,560,93.69018069109742,0.1673038940912454
v,relative_candidate_benefit,14,1,560,-43.967167418230744,-0.07851279896112633
v,relative_candidate_benefit,14,2,560,-300.9446559010855,-0.5374011712519384
v,relative_candidate_benefit,14,3,560,95.00483233531806,0.16965148631306795
v,relative_candidate_benefit,14,4,560,-2806.4591043363484,-5.011534114886336
v,relative_candidate_benefit,14,5,560,-137.66055825769348,-0.24582242546016694
v,relative_candidate_benefit,14,6,560,102.67089722096549,0.18334088789458122
v,relative_candidate_benefit,14,7,560,-264.58024124452766,-0.4724647165080851
v,relative_candidate_benefit,15,0,560,-5242.455193712063,-9.361527131628684
v,relative_candidate_benefit,15,1,560,242.84417706938297,0.43365031619532673
v,relative_candidate_benefit,15,2,560,63.24849024950641,0.1129437325884043
v,relative_candidate_benefit,15,3,560,-1033.1894129524837,-1.8449810945580067
v,relative_candidate_benefit,15,4,560,-208.06035320077092,-0.37153634500137667
v,relative_candidate_benefit,15,5,560,34.97253445370747,0.06245095438162048
v,relative_candidate_benefit,15,6,560,-326.60104752436536,-0.5832161562935095
v,relative_candidate_benefit,15,7,560,-1406.0133408780016,-2.5107381087107172
v,relative_candidate_benefit,16,0,560,-281.05608209779626,-0.501885860888922
v,relative_candidate_benefit,16,1,560,-540.7418134963904,-0.9656103812435542
v,relative_candidate_benefit,16,2,560,25.760791858529778,0.04600141403308889
v,relative_candidate_benefit,16,3,560,-30.096220982134504,-0.053743251753811616
v,relative_candidate_benefit,16,4,560,-677.4111378924296,-1.2096627462364813
v,relative_candidate_benefit,16,5,560,-12836.27419638523,-22.921918207830767
v,relative_candidate_benefit,16,6,560,-289.45651759022354,-0.5168866385539707
v,relative_candidate_benefit,16,7,560,56.891768513349135,0.10159244377383773
v,relative_candidate_benefit,17,0,560,-271.9285906644822,-0.4855867690437182
v,relative_candidate_benefit,17,1,560,-287.6253792823571,-0.5136167487184947
v,relative_candidate_benefit,17,2,560,-295.1970211426525,-0.5271375377547366
v,relative_candidate_benefit,17,3,560,-673.3549654479384,-1.2024195811570328
v,relative_candidate_benefit,17,4,560,-1339.335169510384,-2.3916699455542574
v,relative_candidate_benefit,17,5,560,-760.3080203983164,-1.3576928935684223
v,relative_candidate_benefit,17,6,560,24.92637708591388,0.044511387653417646
v,relative_candidate_benefit,17,7,560,-185.36635305274604,-0.33101134473704646
v,relative_candidate_benefit,18,0,560,-3399.0541940602925,-6.069739632250522
v,relative_candidate_benefit,18,1,560,-5109.558982249155,-9.124212468302062
v,relative_candidate_benefit,18,2,560,-95.93730739143813,-0.1713166203418538
v,relative_candidate_benefit,18,3,560,-83.71784027070085,-0.14949614334053724
v,relative_candidate_benefit,18,4,560,-304.3400803221333,-0.5434644291466666
v,relative_candidate_benefit,18,5,560,-2218.7823085123514,-3.9621112652006274
v,relative_candidate_benefit,18,6,560,-517.8251167986101,-0.9246877085689467
v,relative_candidate_benefit,18,7,560,-2453.1384374688987,-4.380604352623034
v,relative_candidate_benefit,19,0,560,-2176.6408917544977,-3.8868587352758888
v,relative_candidate_benefit,19,1,560,-2128.0234199560214,-3.800041821350038
v,relative_candidate_benefit,19,2,560,-1567.421272901292,-2.798966558752307
v,relative_candidate_benefit,19,3,560,-3001.76085828584,-5.360287246939
v,relative_candidate_benefit,19,4,560,-1361.03742028918,-2.4304239648021073
v,relative_candidate_benefit,19,5,560,-1087.3527370783213,-1.941701316211288
v,relative_candidate_benefit,19,6,560,-1161.2403275716827,-2.0736434420922905
v,relative_candidate_benefit,19,7,560,-627.6029104965265,-1.1207194830295117
v,relative_candidate_benefit,20,0,560,-4381.69459507615,-7.824454634064554
v,relative_candidate_benefit,20,1,560,-2775.517863091409,-4.956281898377516
v,relative_candidate_benefit,20,2,560,-2459.31129642974,-4.391627315053108
v,relative_candidate_benefit,20,3,560,-528.458609298229,-0.9436760880325519
v,relative_candidate_benefit,20,4,560,-14425.517277247023,-25.759852280798256
v,relative_candidate_benefit,20,5,560,-1967.1228162968932,-3.5127193148158806
v,relative_candidate_benefit,20,6,560,-363.5098534639808,-0.6491247383285371
v,relative_candidate_benefit,20,7,560,-595.8064622887103,-1.06394011122984
v,relative_candidate_benefit,21,0,560,-1647.7344884670629,-2.942383015119755
v,relative_candidate_benefit,21,1,560,-846.803447680961,-1.5121490137160016
v,relative_candidate_benefit,21,2,560,-714.4540541188928,-1.2758108109265944
v,relative_candidate_benefit,21,3,560,-559.9672540515816,-0.99994152509211
v,relative_candidate_benefit,21,4,560,-1395.0981469503718,-2.491246690982807
v,relative_candidate_benefit,21,5,560,-1786.4040916530985,-3.1900073065233903
v,relative_candidate_benefit,21,6,560,-2915.518885970311,-5.206283724946984
v,relative_candidate_benefit,21,7,560,-4973.455735350145,-8.881170955982402
v,relative_candidate_benefit,22,0,560,-5485.87388540647,-9.796203366797268
v,relative_candidate_benefit,22,1,560,-3465.522559787544,-6.188433142477757
v,relative_candidate_benefit,22,2,560,-1576.835180158665,-2.8157771074261877
v,relative_candidate_benefit,22,3,560,-912.203844544452,-1.6289354366865214
v,relative_candidate_benefit,22,4,560,-258.0541643471625,-0.46081100776279016
v,relative_candidate_benefit,22,5,560,-3961.259228009761,-7.073677192874573
v,relative_candidate_benefit,22,6,560,-877.2371908617689,-1.5664949836817301
v,relative_candidate_benefit,22,7,560,-1901.8030059844252,-3.3960767964007594
v,relative_candidate_benefit,23,0,560,-2385.3544230102075,-4.259561469661085
v,relative_candidate_benefit,23,1,560,-12118.846383705908,-21.64079711376055
v,relative_candidate_benefit,23,2,560,-1368.0685242931886,-2.4429795076664083
v,relative_candidate_benefit,23,3,560,-5691.240654652303,-10.162929740450542
v,relative_candidate_benefit,23,4,560,-2004.3419244258919,-3.5791820079033783
v,relative_candidate_benefit,23,5,560,-5612.447225015484,-10.02222718752765
v,relative_candidate_benefit,23,6,560,-4827.4442611249715,-8.620436180580306
v,relative_candidate_benefit,23,7,560,-3359.907701659148,-5.999835181534193
v,relative_candidate_benefit,24,0,560,-1401.2923109593848,-2.5023076981417587
v,relative_candidate_benefit,24,1,560,-9360.60609176077,-16.715368021001375
v,relative_candidate_benefit,24,2,560,-2987.640079817624,-5.3350715711029
v,relative_candidate_benefit,24,3,560,-842.0647996647587,-1.5036871422584976
v,relative_candidate_benefit,24,4,560,-6765.52672081732,-12.081297715745213
v,relative_candidate_benefit,24,5,560,-1428.5737767005285,-2.5510246012509437
v,relative_candidate_benefit,24,6,560,-1297.300084245084,-2.3166072932947928
v,relative_candidate_benefit,24,7,560,-909.5353665440738,-1.6241702974001317
v,relative_candidate_benefit,25,0,560,-1483.0357266648634,-2.6482780833301134
v,relative_candidate_benefit,25,1,560,-5372.030786041834,-9.592912117931848
v,relative_candidate_benefit,25,2,560,-2653.865441515445,-4.739045431277581
v,relative_candidate_benefit,25,3,560,-6270.805569144713,-11.197867087758416
v,relative_candidate_benefit,25,4,560,-1688.5229402269797,-3.0152195361196066
v,relative_candidate_benefit,25,5,560,-726.5804463248223,-1.297465082722897
v,relative_candidate_benefit,25,6,560,-5403.025804541545,-9.648260365252758
v,relative_candidate_benefit,25,7,560,-3559.5684405900856,-6.356372215339438
v,relative_candidate_benefit,26,0,560,-1354.4169504905808,-2.4186016973046085
v,relative_candidate_benefit,26,1,560,-1730.607393272356,-3.090370345129207
v,relative_candidate_benefit,26,2,560,156.48876479188306,0.2794442228426483
v,relative_candidate_benefit,26,3,560,-10740.723321711992,-19.1798630744857
v,relative_candidate_benefit,26,4,560,-2358.359604007797,-4.2113564357282085
v,relative_candidate_benefit,26,5,560,-135.67768854347716,-0.24228158668478064
v,relative_candidate_benefit,26,6,560,-1458.3806682443935,-2.60425119329356
v,relative_candidate_benefit,26,7,560,-5725.596797356296,-10.2242799952791
v,relative_candidate_benefit,27,0,560,-8678.297904582674,-15.496960543897632
v,relative_candidate_benefit,27,1,560,-2353.63795243795,-4.202924915067768
v,relative_candidate_benefit,27,2,560,-1202.3298129558154,-2.1470175231353847
v,relative_candidate_benefit,27,3,560,-1347.6281644390722,-2.4064788650697717
v,relative_candidate_benefit,27,4,560,-1605.8051127247816,-2.8675091298656814
v,relative_candidate_benefit,27,5,560,-1639.2702784733476,-2.927268354416692
v,relative_candidate_benefit,27,6,560,-1880.3405386883232,-3.3577509619434345
v,relative_candidate_benefit,27,7,560,-6746.254038452547,-12.046882211522407
v,relative_candidate_benefit,28,0,560,-741.7019906887122,-1.3244678405155574
v,relative_candidate_benefit,28,1,560,-2721.4391555880775,-4.859712777835853
v,relative_candidate_benefit,28,2,560,-59.95377572828092,-0.10706031380050164
v,relative_candidate_benefit,28,3,560,-1954.9885850462013,-3.4910510447253595
v,relative_candidate_benefit,28,4,560,-5672.856056787976,-10.1301001014071
v,relative_candidate_benefit,28,5,560,-205.01720032069846,-0.36610214342981867
v,relative_candidate_benefit,28,6,560,-800.5696856447645,-1.4295887243656509
v,relative_candidate_benefit,28,7,560,-1021.3618066952539,-1.8238603690986677
v,relative_candidate_benefit,29,0,560,-7438.2672732850615,-13.282620130866182
v,relative_candidate_benefit,29,1,560,-10552.39651901991,-18.843565212535555
v,relative_candidate_benefit,29,2,560,-2039.2188324677177,-3.64146220083521
v,relative_candidate_benefit,29,3,560,-7419.741146253153,-13.249537761166344
v,relative_candidate_benefit,29,4,560,-3672.221388704335,-6.557538194114883
v,relative_candidate_benefit,29,5,560,-983.9202903295517,-1.757000518445628
v,relative_candidate_benefit,29,6,560,-39.84842383584123,-0.07115789970685935
v,relative_candidate_benefit,29,7,560,-351.9438568695401,-0.6284711729813216
v,relative_candidate_benefit,30,0,560,-1649.2098832654242,-2.9450176486882573
v,relative_candidate_benefit,30,1,560,133.27213532298063,0.237985955933894
v,relative_candidate_benefit,30,2,560,-589.0214437517362,-1.051824006699529
v,relative_candidate_benefit,30,3,560,-1594.4547170014946,-2.8472405660740976
v,relative_candidate_benefit,30,4,560,-229.9015454386144,-0.4105384739975257
v,relative_candidate_benefit,30,5,560,-250.84745830014992,-0.4479418898216963
v,relative_candidate_benefit,30,6,560,-462.2895823003959,-0.825517111250707
v,relative_candidate_benefit,30,7,560,-616.6511526236789,-1.1011627725422837
v,relative_candidate_benefit,31,0,560,-131.7478555006346,-0.23526402767970467
v,relative_candidate_benefit,31,1,560,-1348.8584204075028,-2.4086757507276837
v,relative_candidate_benefit,31,2,560,-1711.8837786645695,-3.056935319043874
v,relative_candidate_benefit,31,3,560,98.18847999782477,0.1753365714246871
v,relative_candidate_benefit,31,4,560,-2957.975698639811,-5.282099461856806
v,relative_candidate_benefit,31,5,560,-1036.9787573649057,-1.8517477810087601
v,relative_candidate_benefit,31,6,560,-25.970743144686537,-0.0463763270440831
v,relative_candidate_benefit,31,7,560,-189.81950607840415,-0.33896340371143596
